keyword,locale,catalog,id,reference,name,regularPrice,campaignPrice,pricePerQuantity,quantity,brand,description,productUrl,imageUrl,eanUpcList,date,data
manteiga de amendoim,pt,continente,pt.continente.7235865,7235865,Manteiga de Amendoim,"€1,89/un",,"€5,56/kg",emb. 340 gr,Continente Equilíbrio,,,https://www.continente.pt/dw/image/v2/BDVS_PRD/on/demandware.static/-/Sites-col-master-catalog/default/dwcfbf1224/images/col/723/7235865-hero.jpg?sw=280&sh=280,,2024-06-25T09:11:14.637658436Z,
manteiga de amendoim,pt,continente,pt.continente.7105463,7105463,Gelado Peanut Butter Cup,"PVP Recomendado: €6,79/un","€4,99/un","€10,73/lt",emb. 465 ml,Ben & Jerry's,,,https://www.continente.pt/dw/image/v2/BDVS_PRD/on/demandware.static/-/Sites-col-master-catalog/default/dw3d596a42/images/col/710/7105463-hero.jpg?sw=280&sh=280,,2024-06-25T09:11:14.637658436Z,
manteiga de amendoim,pt,continente,pt.continente.6211747,6211747,Manteiga de Amendoim Crocante,"€4,39/un",,"€8,78/kg",emb. 500 gr,Prozis,,,https://www.continente.pt/dw/image/v2/BDVS_PRD/on/demandware.static/-/Sites-col-master-catalog/default/dwd93f1b59/images/col/621/6211747-frente.jpg?sw=280&sh=280,,2024-06-25T09:11:14.637658436Z,
manteiga de amendoim,pt,continente,pt.continente.6403609,6403609,Manteiga de Amendoim,"€7,69/un",,"€7,69/kg",emb. 1 kg,Prozis,,,https://www.continente.pt/dw/image/v2/BDVS_PRD/on/demandware.static/-/Sites-col-master-catalog/default/dw332aa213/images/col/640/6403609-frente.jpg?sw=280&sh=280,,2024-06-25T09:11:14.637658436Z,
manteiga de amendoim,pt,continente,pt.continente.7235849,7235849,Manteiga de Amendoim 100% Pedaços sem Glúten,"€1,89/un",,"€5,56/kg",emb. 340 gr,Continente Equilíbrio,,,https://www.continente.pt/dw/image/v2/BDVS_PRD/on/demandware.static/-/Sites-col-master-catalog/default/dw841e97d0/images/col/723/7235849-hero.jpg?sw=280&sh=280,,2024-06-25T09:11:14.637658436Z,
manteiga de amendoim,pt,continente,pt.continente.7399738,7399738,Manteiga de Amendoim Cremosa,"€3,69/un",,"€10,54/kg",emb. 350 gr,Calvé,,,https://www.continente.pt/dw/image/v2/BDVS_PRD/on/demandware.static/-/Sites-col-master-catalog/default/dw22f48304/images/col/739/7399738-frente.jpg?sw=280&sh=280,,2024-06-25T09:11:14.637658436Z,
manteiga de amendoim,pt,continente,pt.continente.5684071,5684071,Manteiga de Amendoim Cremosa,"€4,39/un",,"€8,78/un",emb. 500 gr,Prozis,,,https://www.continente.pt/dw/image/v2/BDVS_PRD/on/demandware.static/-/Sites-col-master-catalog/default/dw0aefe0dc/images/col/568/5684071-frente.jpg?sw=280&sh=280,,2024-06-25T09:11:14.637658436Z,
manteiga de amendoim,pt,continente,pt.continente.7760281,7760281,Manteiga de Amendoim Cremosa,"€4,99/un",,"€4,99/kg",emb. 1 kg,Way Up,,,https://www.continente.pt/dw/image/v2/BDVS_PRD/on/demandware.static/-/Sites-col-master-catalog/default/dwc2094bec/images/col/776/7760281-frente.png?sw=280&sh=280,,2024-06-25T09:11:14.637658436Z,
manteiga de amendoim,pt,continente,pt.continente.7622308,7622308,Gelado Caramelo e Manteiga de Amendoim com cobertura Chocolate,"PVP Recomendado: €5,49/un","€3,69/un","€13,67/kg",emb. 270 gr (6 un),Snickers,,,https://www.continente.pt/dw/image/v2/BDVS_PRD/on/demandware.static/-/Sites-col-master-catalog/default/dw4fe280dc/images/col/762/7622308-direito.jpg?sw=280&sh=280,,2024-06-25T09:11:14.637658436Z,
manteiga de amendoim,pt,continente,pt.continente.6715879,6715879,Manteiga de Amendoim Crocante,"€7,69/un",,"€7,69/kg",emb. 1 kg,Prozis,,,https://www.continente.pt/dw/image/v2/BDVS_PRD/on/demandware.static/-/Sites-col-master-catalog/default/dweb23fc7a/images/col/671/6715879-frente.jpg?sw=280&sh=280,,2024-06-25T09:11:14.637658436Z,
manteiga de amendoim,pt,continente,pt.continente.7399741,7399741,Manteiga de Amendoim Cremosa,"€8,49/un",,"€8,49/kg",emb. 1 kg,Calvé,,,https://www.continente.pt/dw/image/v2/BDVS_PRD/on/demandware.static/-/Sites-col-master-catalog/default/dw80e9d22b/images/col/739/7399741-frente.jpg?sw=280&sh=280,,2024-06-25T09:11:14.637658436Z,
manteiga de amendoim,pt,continente,pt.continente.7399733,7399733,Manteiga de Amendoim com Pedaços,"€3,69/un",,"€10,54/kg",emb. 350 gr,Calvé,,,https://www.continente.pt/dw/image/v2/BDVS_PRD/on/demandware.static/-/Sites-col-master-catalog/default/dwc0542f60/images/col/739/7399733-frente.jpg?sw=280&sh=280,,2024-06-25T09:11:14.637658436Z,
manteiga de amendoim,pt,continente,pt.continente.7182223,7182223,Iogurte Proteína Manteiga de Amendoim e Banana,"PVP Recomendado: €1,64/un","€0,98/un","€6,12/kg",emb. 160 gr,Yopro Danone,,,https://www.continente.pt/dw/image/v2/BDVS_PRD/on/demandware.static/-/Sites-col-master-catalog/default/dw607d8a10/images/col/718/7182223-frente.jpg?sw=280&sh=280,,2024-06-25T09:11:14.637658436Z,
manteiga de amendoim,pt,continente,pt.continente.7961550,7961550,Manteiga de Amendoim com Pedaços,"€2,99/un",,"€2,99/kg",emb. 500 gr,Way Up,,,https://www.continente.pt/dw/image/v2/BDVS_PRD/on/demandware.static/-/Sites-col-master-catalog/default/dw489a274f/images/col/796/7961550-frente.jpg?sw=280&sh=280,,2024-06-25T09:11:14.637658436Z,
manteiga de amendoim,pt,continente,pt.continente.6960895,6960895,Manteiga de Amendoim 100% Cremosa,"€4,29/un",,"€12,26/kg",emb. 350 gr,Calvé,,,https://www.continente.pt/dw/image/v2/BDVS_PRD/on/demandware.static/-/Sites-col-master-catalog/default/dw1253716c/images/col/696/6960895-frente.jpg?sw=280&sh=280,,2024-06-25T09:11:14.637658436Z,
manteiga de amendoim,pt,continente,pt.continente.2211103,2211103,Manteiga de Amendoim Cremosa sem Glúten,"€3,79/un",,"€11,15/kg",emb. 340 gr,Skippy,,,https://www.continente.pt/dw/image/v2/BDVS_PRD/on/demandware.static/-/Sites-col-master-catalog/default/dwaf37a68d/images/col/221/2211103-cima.jpg?sw=280&sh=280,,2024-06-25T09:11:14.637658436Z,
manteiga de amendoim,pt,continente,pt.continente.7473299,7473299,Manteiga de Amendoim sem Glúten,"PVP Recomendado: €2,99/un","€2,39/un","€11,95/kg",emb. 200 gr,Not Guilty,,,https://www.continente.pt/dw/image/v2/BDVS_PRD/on/demandware.static/-/Sites-col-master-catalog/default/dw5f9a835d/images/col/747/7473299-frente.jpg?sw=280&sh=280,,2024-06-25T09:11:14.637658436Z,
manteiga de amendoim,pt,continente,pt.continente.7760701,7760701,Gelado Classicone Manteiga de Amendoim,"€2,49/un",,"€3,77/lt",emb. 660 ml (6 un),Continente,,,https://www.continente.pt/dw/image/v2/BDVS_PRD/on/demandware.static/-/Sites-col-master-catalog/default/dw0187147d/images/col/776/7760701-frente.jpg?sw=280&sh=280,,2024-06-25T09:11:14.637658436Z,
manteiga de amendoim,pt,continente,pt.continente.7533365,7533365,Snack Manteiga de Amendoim Mini,"€1,99/un",,"€15,79/kg",emb. 126 gr,Continente,,,https://www.continente.pt/dw/image/v2/BDVS_PRD/on/demandware.static/-/Sites-col-master-catalog/default/dw9d3fed20/images/col/753/7533365-frente.jpg?sw=280&sh=280,,2024-06-25T09:11:14.637658436Z,
manteiga de amendoim,pt,continente,pt.continente.6719075,6719075,Manteiga de Amendoim sem Glúten,"€2,29/un","€1,95/un","€8,67/kg",emb. 225 gr,Continente Bio,,,https://www.continente.pt/dw/image/v2/BDVS_PRD/on/demandware.static/-/Sites-col-master-catalog/default/dw049b6d8f/images/col/671/6719075-frente.jpg?sw=280&sh=280,,2024-06-25T09:11:14.637658436Z,
manteiga de amendoim,pt,continente,pt.continente.6814879,6814879,Manteiga de Amendoim sem Glúten,"PVP Recomendado: €3,99/un","€3,19/un","€9,97/kg",emb. 320 gr,Not Guilty,,,https://www.continente.pt/dw/image/v2/BDVS_PRD/on/demandware.static/-/Sites-col-master-catalog/default/dw64bce885/images/col/681/6814879-frente.jpg?sw=280&sh=280,,2024-06-25T09:11:14.637658436Z,
manteiga de amendoim,pt,continente,pt.continente.7380481,7380481,Manteiga de Amendoim com Chocolate,"€3,69/un",,"€14,76/kg",emb. 250 gr,Prozis,,,https://www.continente.pt/dw/image/v2/BDVS_PRD/on/demandware.static/-/Sites-col-master-catalog/default/dwc0bc81c1/images/col/738/7380481-frente.jpg?sw=280&sh=280,,2024-06-25T09:11:14.637658436Z,
manteiga de amendoim,pt,continente,pt.continente.6588803,6588803,Gelado Manteiga de Amendoim Crunch,"PVP Recomendado: €7,79/un","€5,79/un","€12,59/lt",emb. 460 ml,Häagen-Dazs,,,https://www.continente.pt/dw/image/v2/BDVS_PRD/on/demandware.static/-/Sites-col-master-catalog/default/dwf162c2cb/images/col/658/6588803-hero.jpg?sw=280&sh=280,,2024-06-25T09:11:14.637658436Z,
manteiga de amendoim,pt,continente,pt.continente.2211119,2211119,Manteiga de Amendoim Crocante sem Glúten,"€3,79/un",,"€11,15/kg",emb. 340 gr,Skippy,,,https://www.continente.pt/dw/image/v2/BDVS_PRD/on/demandware.static/-/Sites-col-master-catalog/default/dw619c1303/images/col/221/2211119-cima.jpg?sw=280&sh=280,,2024-06-25T09:11:14.637658436Z,
manteiga de amendoim,pt,pingo-doce,pt.pingo-doce.925016,925016,Manteiga de Amendoim Calvé,8.49,,8.49 €/KGM,1 KG,Calvé,Manteiga de Amendoim Calvé,https://mercadao.pt/store/pingo-doce/product/manteiga-de-amendoim-calve-1-kg,"https://res.cloudinary.com/fonte-online/image/upload/c_fill,h_300,q_auto,w_300/v1/PDO_PROD/925016_1",['8720182022080'],2024-06-25T09:11:13.656763837Z,
manteiga de amendoim,pt,pingo-doce,pt.pingo-doce.895257,895257,Manteiga de Amendoim 100% Calvé,4.29,,12.26 €/KGM,350 G,Calvé,Manteiga de Amendoim 100% Calvé,https://mercadao.pt/store/pingo-doce/product/manteiga-de-amendoim-100-calve-350-g,"https://res.cloudinary.com/fonte-online/image/upload/c_fill,h_300,q_auto,w_300/v1/PDO_PROD/895257_1",['8717163800300'],2024-06-25T09:11:13.656763837Z,
manteiga de amendoim,pt,pingo-doce,pt.pingo-doce.80136,80136,Manteiga de Amendoim Creme Skippy,3.79,,11.15 €/KGM,340 G,Skippy,Manteiga de Amendoim Creme Skippy,https://mercadao.pt/store/pingo-doce/product/manteiga-de-amendoim-creme-skippy-340-g,"https://res.cloudinary.com/fonte-online/image/upload/c_fill,h_300,q_auto,w_300/v1/PDO_PROD/80136_1","['37600106481', '376001064816', '48001270305', '5601490333453', '6014903334531']",2024-06-25T09:11:13.656763837Z,
manteiga de amendoim,pt,pingo-doce,pt.pingo-doce.80137,80137,Manteiga de Amendoim Crunch Skippy,3.79,,11.15 €/KGM,340 G,Skippy,Manteiga de Amendoim Crunch Skippy,https://mercadao.pt/store/pingo-doce/product/manteiga-de-amendoim-crunch-skippy-340-g,"https://res.cloudinary.com/fonte-online/image/upload/c_fill,h_300,q_auto,w_300/v1/PDO_PROD/80137_1","['2089000118586', '37600222174', '5601490333477', '6014903334777']",2024-06-25T09:11:13.656763837Z,
manteiga de amendoim,pt,pingo-doce,pt.pingo-doce.902732,902732,Manteiga de Amendoim Pingo Doce,1.79,,5.26 €/KGM,340 G,Pingo Doce,Manteiga de Amendoim Pingo Doce,https://mercadao.pt/store/pingo-doce/product/manteiga-de-amendoim-pingo-doce-340-g,"https://res.cloudinary.com/fonte-online/image/upload/c_fill,h_300,q_auto,w_300/v1/PDO_PROD/902732_1",['5601009997435'],2024-06-25T09:11:13.656763837Z,
manteiga de amendoim,pt,pingo-doce,pt.pingo-doce.926163,926163,Manteiga de Amendoim Cremosa Calvé,3.69,,10.54 €/KGM,350 G,Calvé,Manteiga de Amendoim Cremosa Calvé,https://mercadao.pt/store/pingo-doce/product/manteiga-de-amendoim-cremosa-calve-350-g,"https://res.cloudinary.com/fonte-online/image/upload/c_fill,h_300,q_auto,w_300/v1/PDO_PROD/926163_1",['8720182022042'],2024-06-25T09:11:13.656763837Z,
manteiga de amendoim,pt,pingo-doce,pt.pingo-doce.926164,926164,Manteiga de Amendoim com Pedaços Calvé,3.69,,10.54 €/KGM,350 G,Calvé,Manteiga de Amendoim com Pedaços Calvé,https://mercadao.pt/store/pingo-doce/product/manteiga-de-amendoim-com-pedacos-calve-350-g,"https://res.cloudinary.com/fonte-online/image/upload/c_fill,h_300,q_auto,w_300/v1/PDO_PROD/926164_1",['8720182022066'],2024-06-25T09:11:13.656763837Z,
manteiga de amendoim,pt,pingo-doce,pt.pingo-doce.924040,924040,Manteiga de Amendoim Crocante Prozis,2.79,,11.16 €/KGM,250 G,Prozis,Manteiga de Amendoim Crocante Prozis,https://mercadao.pt/store/pingo-doce/product/manteiga-de-amendoim-crocante-prozis-250-g,"https://res.cloudinary.com/fonte-online/image/upload/c_fill,h_300,q_auto,w_300/v1/PDO_PROD/924040_1",['5600961109689'],2024-06-25T09:11:13.656763837Z,
manteiga de amendoim,pt,pingo-doce,pt.pingo-doce.880206,880206,Manteiga de Amendoim Crocante Prozis,4.39,3.95,7.90 €/KGM,500 G,Prozis,Manteiga de Amendoim Crocante Prozis,https://mercadao.pt/store/pingo-doce/product/manteiga-de-amendoim-crocante-prozis-500-g,"https://res.cloudinary.com/fonte-online/image/upload/c_fill,h_300,q_auto,w_300/v1/PDO_PROD/880206_1",['5600826203613'],2024-06-25T09:11:13.656763837Z,
manteiga de amendoim,pt,pingo-doce,pt.pingo-doce.924039,924039,Manteiga de Amendoim com Chocolate Prozis,3.69,3.49,13.96 €/KGM,250 G,Prozis,Manteiga de Amendoim com Chocolate Prozis,https://mercadao.pt/store/pingo-doce/product/manteiga-de-amendoim-com-chocolate-prozis-250-g,"https://res.cloudinary.com/fonte-online/image/upload/c_fill,h_300,q_auto,w_300/v1/PDO_PROD/924039_1",['5600961117561'],2024-06-25T09:11:13.656763837Z,
manteiga de amendoim,pt,pingo-doce,pt.pingo-doce.896522,896522,Manteiga de Amendoim Cremosa Prozis,7.69,,7.69 €/KGM,1 KG,Prozis,Manteiga de Amendoim Cremosa Prozis,https://mercadao.pt/store/pingo-doce/product/manteiga-de-amendoim-cremosa-prozis-1-kg,"https://res.cloudinary.com/fonte-online/image/upload/c_fill,h_300,q_auto,w_300/v1/PDO_PROD/896522_1",['5600826203064'],2024-06-25T09:11:13.656763837Z,
manteiga de amendoim,pt,pingo-doce,pt.pingo-doce.924041,924041,Manteiga de Amendoim Cremosa Prozis,2.79,,11.16 €/KGM,250 G,Prozis,Manteiga de Amendoim Cremosa Prozis,https://mercadao.pt/store/pingo-doce/product/manteiga-de-amendoim-cremosa-prozis-250-g,"https://res.cloudinary.com/fonte-online/image/upload/c_fill,h_300,q_auto,w_300/v1/PDO_PROD/924041_1",['5600961109672'],2024-06-25T09:11:13.656763837Z,
manteiga de amendoim,pt,pingo-doce,pt.pingo-doce.880205,880205,Manteiga de Amendoim Cremosa Prozis,4.39,3.95,7.90 €/KGM,500 G,Prozis,Manteiga de Amendoim Cremosa Prozis,https://mercadao.pt/store/pingo-doce/product/manteiga-de-amendoim-cremosa-prozis-500-g,"https://res.cloudinary.com/fonte-online/image/upload/c_fill,h_300,q_auto,w_300/v1/PDO_PROD/880205_1",['5600826202982'],2024-06-25T09:11:13.656763837Z,
manteiga de amendoim,pt,pingo-doce,pt.pingo-doce.921589,921589,Manteiga de Amendoim Cremosa Pingo Doce,1.79,,5.26 €/KGM,340 G,Pingo Doce,Manteiga de Amendoim Cremosa Pingo Doce,https://mercadao.pt/store/pingo-doce/product/manteiga-de-amendoim-cremosa-pingo-doce-340-g,"https://res.cloudinary.com/fonte-online/image/upload/c_fill,h_300,q_auto,w_300/v1/PDO_PROD/921589_1",['5607047002520'],2024-06-25T09:11:13.656763837Z,
manteiga de amendoim,pt,pingo-doce,pt.pingo-doce.937131,937131,Manteiga de Amêndoim com Noz Pecan,3.99,3.79,15.16 €/KGM,250 G,Prozis,Manteiga de Amêndoim com Noz Pecan,https://mercadao.pt/store/pingo-doce/product/manteiga-de-amendoim-com-noz-pecan-250-g,"https://res.cloudinary.com/fonte-online/image/upload/c_fill,h_300,q_auto,w_300/v1/PDO_PROD/937131_1",['5600380895194'],2024-06-25T09:11:13.656763837Z,
manteiga de amendoim,pt,pingo-doce,pt.pingo-doce.766876,766876,Manteiga de Amendoim Cem Porcento Vegan Pasta Cremosa,1.99,,10.47 €/KGM,190 G,Cem Porcento,Manteiga de Amendoim Cem Porcento Vegan Pasta Cremosa,https://mercadao.pt/store/pingo-doce/product/manteiga-de-amendoim-cem-porcento-vegan-pasta-cremosa-190-g,"https://res.cloudinary.com/fonte-online/image/upload/c_fill,h_300,q_auto,w_300/v1/PDO_PROD/766876_1",['5604321028405'],2024-06-25T09:11:13.656763837Z,
manteiga de amendoim,pt,pingo-doce,pt.pingo-doce.935304,935304,Manteiga de Amendoim Cremosa Go Active Pingo Doce,3.24,,4.32 €/KGM,750 G,Go Active,Manteiga de Amendoim Cremosa Go Active Pingo Doce,https://mercadao.pt/store/pingo-doce/product/manteiga-de-amendoim-cremosa-go-active-750-g,"https://res.cloudinary.com/fonte-online/image/upload/c_fill,h_300,q_auto,w_300/v1/PDO_PROD/935304_1",['5607047005583'],2024-06-25T09:11:13.656763837Z,
manteiga de amendoim,pt,pingo-doce,pt.pingo-doce.924645,924645,Chocolate com Manteiga de Amendoim Reese's,1.29,0.99,23.57 €/KGM,42 G,Reeses,Chocolate com Manteiga de Amendoim Reese's,https://mercadao.pt/store/pingo-doce/product/snack-de-chocolate-com-manteiga-de-amendoim-reeses-42-g,"https://res.cloudinary.com/fonte-online/image/upload/c_fill,h_300,q_auto,w_300/v1/PDO_PROD/924645_1",['34000702329'],2024-06-25T09:11:13.656763837Z,
manteiga de amendoim,pt,pingo-doce,pt.pingo-doce.976785,976785,Barra Protein Manteiga de Amendoim Prozis,1.69,,26.00 €/KGM,65 G,Prozis,Barra Protein Manteiga de Amendoim Prozis,https://mercadao.pt/store/pingo-doce/product/barra-protein-manteiga-de-amendoim-prozis-65-g,"https://res.cloudinary.com/fonte-online/image/upload/c_fill,h_300,q_auto,w_300/v1/PDO_PROD/976785_1","['2000004099923', '5600961159158']",2024-06-25T09:11:13.656763837Z,
manteiga de amendoim,pt,pingo-doce,pt.pingo-doce.847156,847156,Chocolate e Manteiga de Amendoim Chunky Kitkat,1.25,,29.76 €/KGM,42 G,Kit Kat,Chocolate e Manteiga de Amendoim Chunky Kitkat,https://mercadao.pt/store/pingo-doce/product/snack-de-chocolate-e-manteiga-de-amendoim-nestle-kitkat-42-g,"https://res.cloudinary.com/fonte-online/image/upload/c_fill,h_300,q_auto,w_300/v1/PDO_PROD/847156_1","['2000003137879', '3800020403631', '3800020418604']",2024-06-25T09:11:13.656763837Z,
manteiga de amendoim,pt,pingo-doce,pt.pingo-doce.925651,925651,Chocolate Mini com Manteiga de Amendoim Reese's,2.49,1.99,22.11 €/KGM,90 G,Reeses,Chocolate Mini com Manteiga de Amendoim Reese's,https://mercadao.pt/store/pingo-doce/product/snack-mini-de-chocolate-com-manteiga-de-amendoim-reeses-90-g,"https://res.cloudinary.com/fonte-online/image/upload/c_fill,h_300,q_auto,w_300/v1/PDO_PROD/925651_1",['34000470693'],2024-06-25T09:11:13.656763837Z,
manteiga de amendoim,pt,pingo-doce,pt.pingo-doce.950011,950011,Bolachas Wafer com Manteiga de Amendoim Loacker,2.39,1.79,10.23 €/KGM,175 G,Loacker,Bolachas Wafer com Manteiga de Amendoim Loacker,https://mercadao.pt/store/pingo-doce/product/bolachas-wafer-com-manteiga-de-amendoim-loacker-175-g,"https://res.cloudinary.com/fonte-online/image/upload/c_fill,h_300,q_auto,w_300/v1/PDO_PROD/950011_1",['8000380205523'],2024-06-25T09:11:13.656763837Z,
manteiga de amendoim,pt,pingo-doce,pt.pingo-doce.862647,862647,Gelado de Manteiga de Amendoim Crocante Häagen-Dazs,7.79,5.84,12.70 €/LTR,460 ML,Häagen-dazs,Gelado de Manteiga de Amendoim Crocante Häagen-Dazs,https://mercadao.pt/store/pingo-doce/product/gelado-de-manteiga-de-amendoim-crocante-haagen-dazs-460-ml,"https://res.cloudinary.com/fonte-online/image/upload/c_fill,h_300,q_auto,w_300/v1/PDO_PROD/862647_1",['3415587128936'],2024-06-25T09:11:13.656763837Z,
manteiga de amendoim,pt,pingo-doce,pt.pingo-doce.952065,952065,Chocolate com Manteiga de Amendoim Reese's - Pack 4,5.19,4.14,24.35 €/KGM,4x42.5 G,Reeses,Chocolate com Manteiga de Amendoim Reese's - Pack 4,https://mercadao.pt/store/pingo-doce/product/snack-de-chocolate-com-manteiga-de-amendoim-reeses-4x425-g,"https://res.cloudinary.com/fonte-online/image/upload/c_fill,h_300,q_auto,w_300/v1/PDO_PROD/952065_1",['34000441082'],2024-06-25T09:11:13.656763837Z,
manteiga de amendoim,pt,pingo-doce,pt.pingo-doce.909388,909388,Iogurte Proteico de Manteiga de Amendoim e Banana YoPro,1.29,0.98,6.12 €/KGM,160 G,Yopro,Iogurte Proteico de Manteiga de Amendoim e Banana YoPro,https://mercadao.pt/store/pingo-doce/product/iogurte-de-manteiga-de-amendoim-e-banana-yopro-160-g,"https://res.cloudinary.com/fonte-online/image/upload/c_fill,h_300,q_auto,w_300/v1/PDO_PROD/909388_1",['5601050036244'],2024-06-25T09:11:13.656763837Z,
manteiga de amendoim,pt,minipreco,pt.minipreco.273867,273867,CALVÉ Manteiga de Amendoim Cremosa 350 g,"3,69 €",,"(10,54 €/Kg.)",,,,https://www.minipreco.pt/produtos/mercearia/doces-mel-e-cremes-para-barrar/cremes-para-barrar/p/273867,https://s2.minipreco.pt/medias/h7f/h47/8937576103966.jpg,,2024-06-25T09:11:15.636967171Z,
manteiga de amendoim,pt,minipreco,pt.minipreco.272374,272374,DIA TEMPTATION Manteiga de Amendoim Cremosa 340 g,"2,00 €",,"(5,88 €/Kg.)",,,,https://www.minipreco.pt/produtos/mercearia/doces-mel-e-cremes-para-barrar/cremes-para-barrar/p/272374,https://s3.minipreco.pt/medias/h25/h4a/9063526760478.jpg,,2024-06-25T09:11:15.636967171Z,
manteiga de amendoim,pt,minipreco,pt.minipreco.273868,273868,CALVÉ Manteiga de Amendoim com Pedaços 350 g,"3,69 €",,"(10,54 €/Kg.)",,,,https://www.minipreco.pt/produtos/mercearia/doces-mel-e-cremes-para-barrar/cremes-para-barrar/p/273868,https://s2.minipreco.pt/medias/hb4/h7c/8948839481374.jpg,,2024-06-25T09:11:15.636967171Z,
manteiga de amendoim,pt,minipreco,pt.minipreco.283900,283900,AVÓ ELVIRA Wafers Manteiga de Amendoim 200 g,"2,29 €",,"(11,45 €/Kg.)",,,,https://www.minipreco.pt/produtos/padaria-e-pastelaria/pastelaria/biscoitos/p/283900,https://s2.minipreco.pt/medias/hfe/ha2/9020434350110.jpg,,2024-06-25T09:11:15.636967171Z,
manteiga de amendoim,pt,minipreco,pt.minipreco.290423,290423,CEM PORCENTO Manteiga de Amendoim com Pedaços 200 g,"2,40 €",,"(12,00 €/Kg.)",,,,https://www.minipreco.pt/produtos/mercearia/doces-mel-e-cremes-para-barrar/cremes-para-barrar/p/290423,https://s0.minipreco.pt/medias/h66/h07/9053563158558.jpg,,2024-06-25T09:11:15.636967171Z,
manteiga de amendoim,pt,minipreco,pt.minipreco.265010,265010,YOPRO Iogurte Sólido Manteiga De Amendoim e Banana 160 g,"1,64 €",,"(10,25 €/Kg.)",,,,https://www.minipreco.pt/produtos/laticinios-e-ovos/iogurtes/proteicos/p/265010,https://s1.minipreco.pt/medias/h6f/h25/8876967919646.jpg,,2024-06-25T09:11:15.636967171Z,
manteiga de amendoim,pt,minipreco,pt.minipreco.273106,273106,REESE'S Mini Chocolates Recheados com Manteiga de Amendoim 90 g,"1,99 €",,"(22,11 €/Kg.)",,,,https://www.minipreco.pt/produtos/mercearia/chocolates-e-snacks/snacks/p/273106,https://s2.minipreco.pt/medias/h70/h83/8929175470110.jpg,,2024-06-25T09:11:15.636967171Z,
manteiga de amendoim,pt,minipreco,pt.minipreco.300053,300053,M&M'S Amendoim 90 g,"2,49 €",,"(27,67 €/Kg.)",,,,https://www.minipreco.pt/produtos/mercearia/chocolates-e-snacks/bombons-e-drageias/p/300053,https://s1.minipreco.pt/medias/h84/h5a/9099577950238.jpg,,2024-06-25T09:11:15.636967171Z,
manteiga de amendoim,pt,minipreco,pt.minipreco.126410,126410,M&M'S Amendoim 45 g,"1,35 €",,"(30,00 €/Kg.)",,,,https://www.minipreco.pt/produtos/mercearia/chocolates-e-snacks/bombons-e-drageias/p/126410,https://s1.minipreco.pt/medias/h12/hc9/8919452876830.jpg,,2024-06-25T09:11:15.636967171Z,
manteiga de amendoim,pt,minipreco,pt.minipreco.267392,267392,BE-KIND Barra Manteiga de Amendoim e Chocolate Negro 40 g,"1,49 €",,"(37,25 €/Kg.)",,,,https://www.minipreco.pt/produtos/sem-gluten/mercearia-sem-gluten/snacks-e-docaria-sem-gluten/p/267392,https://s2.minipreco.pt/medias/h99/h7e/8886765813790.jpg,,2024-06-25T09:11:15.636967171Z,
manteiga de amendoim,pt,minipreco,pt.minipreco.255087,255087,AVÓ ELVIRA Bolachas de Amendoim 170 g,"2,04 €",,"(12,00 €/Kg.)",,,,https://www.minipreco.pt/produtos/padaria-e-pastelaria/pastelaria/biscoitos/p/255087,https://s3.minipreco.pt/medias/h74/hcb/8886057926686.jpg,,2024-06-25T09:11:15.636967171Z,
manteiga de amendoim,pt,minipreco,pt.minipreco.290436,290436,INCRÍBEL Barra de Amendoim Salgado 45 g,"1,99 €",,"(44,22 €/Kg.)",,,,https://www.minipreco.pt/produtos/mercearia/chocolates-e-snacks/snacks/p/290436,https://s2.minipreco.pt/medias/h25/h19/9054395990046.jpg,,2024-06-25T09:11:15.636967171Z,
manteiga de amendoim,pt,minipreco,pt.minipreco.292642,292642,BETTERY Barra Indulgent Amendoim 55 g,"2,19 €",,"(39,82 €/Kg.)",,,,https://www.minipreco.pt/produtos/equilibrio-e-bio/nutric%C3%A3o-desportiva/barras-e-snacks/p/292642,https://s3.minipreco.pt/medias/h0c/h17/9057377222686.jpg,,2024-06-25T09:11:15.636967171Z,
manteiga de amendoim,pt,minipreco,pt.minipreco.181599,181599,FRUTORRA Amendoins com Casca 1 kg,"5,89 €",,"(5,89 €/Kg.)",,,,https://www.minipreco.pt/produtos/frutas-e-vegetais/frutas-e-vegetais-secos/frutos-secos-e-bagas/p/181599,https://s1.minipreco.pt/medias/hdc/he8/9020431335454.jpg,,2024-06-25T09:11:15.636967171Z,
manteiga de amendoim,pt,minipreco,pt.minipreco.169026,169026,TERRA NOSTRA Manteiga 250 g,"2,09 €",,"(8,36 €/Kg.)",,,,https://www.minipreco.pt/produtos/laticinios-e-ovos/manteigas-margarinas-e-cremes-para-barrar/manteiga-e-cremes-para-barrar/p/169026,https://s3.minipreco.pt/medias/h76/h0a/8982064365598.jpg,,2024-06-25T09:11:15.636967171Z,
manteiga de amendoim,pt,minipreco,pt.minipreco.36222,36222,MATINAL Manteiga Magra 250 g,"2,29 €",,"(9,16 €/Kg.)",,,,https://www.minipreco.pt/produtos/laticinios-e-ovos/manteigas-margarinas-e-cremes-para-barrar/manteiga-e-cremes-para-barrar/p/36222,https://s0.minipreco.pt/medias/h40/h3e/9093407866910.jpg,,2024-06-25T09:11:15.636967171Z,
manteiga de amendoim,pt,minipreco,pt.minipreco.11951,11951,M&M'S Chocolate com Amendoim 200 g,"3,59 €",,"(17,95 €/Kg.)",,,,https://www.minipreco.pt/produtos/mercearia/chocolates-e-snacks/bombons-e-drageias/p/11951,https://s3.minipreco.pt/medias/h1a/h6e/9014513762334.jpg,,2024-06-25T09:11:15.636967171Z,
manteiga de amendoim,pt,minipreco,pt.minipreco.284251,284251,BENEFEAT Barra Proteica Bio de Amendoim 35 g,"1,64 €",,"(46,86 €/Kg.)",,,,https://www.minipreco.pt/produtos/equilibrio-e-bio/mercearia-equilibrio-e-bio/snacks-e-docaria/p/284251,https://s2.minipreco.pt/medias/h63/haf/9012433780766.jpg,,2024-06-25T09:11:15.636967171Z,
manteiga de amendoim,pt,minipreco,pt.minipreco.290813,290813,DIA TEMPTATION Amendoins Cobertos de Chocolate 180 g,"2,18 €",,"(12,11 €/Kg.)",,,,https://www.minipreco.pt/produtos/mercearia/chocolates-e-snacks/snacks/p/290813,https://s2.minipreco.pt/medias/h6d/he0/9095551549470.jpg,,2024-06-25T09:11:15.636967171Z,
manteiga de amendoim,pt,minipreco,pt.minipreco.256289,256289,MILKA Tablete Chocolate Amendoim E Caramelo  90 g,"1,99 €",,"(22,11 €/Kg.)",,,,https://www.minipreco.pt/produtos/mercearia/chocolates-e-snacks/tabletes-de-chocolate/p/256289,https://s0.minipreco.pt/medias/h3b/hfb/9041437949982.jpg,,2024-06-25T09:11:15.636967171Z,
manteiga de amendoim,pt,minipreco,pt.minipreco.113563,113563,MATUTANO Amendoins Tostados No Forno 200 g,"3,29 €",,"(16,45 €/Kg.)",,,,https://www.minipreco.pt/produtos/mercearia/batatas-fritas-e-aperitivos/frutos-secos/p/113563,https://s1.minipreco.pt/medias/h39/hb4/8915833356318.jpg,,2024-06-25T09:11:15.636967171Z,
manteiga de amendoim,pt,minipreco,pt.minipreco.23066,23066,DIA NATURMUNDO Amendoins Com Sal 250 g,"1,05 €",,"(4,20 €/Kg.)",,,,https://www.minipreco.pt/produtos/frutas-e-vegetais/frutas-e-vegetais-secos/frutos-secos-e-bagas/p/23066,https://s2.minipreco.pt/medias/h6c/h2f/9090588737566.jpg,,2024-06-25T09:11:15.636967171Z,
manteiga de amendoim,pt,minipreco,pt.minipreco.297194,297194,FRUTORRA Amendoim Frito sem Sal 150 g,"1,29 €",,"(8,60 €/Kg.)",,,,https://www.minipreco.pt/produtos/mercearia/batatas-fritas-e-aperitivos/frutos-secos/p/297194,https://s1.minipreco.pt/medias/h60/h62/9081141690398.jpg,,2024-06-25T09:11:15.636967171Z,
manteiga de amendoim,pt,minipreco,pt.minipreco.59046,59046,DIA TEMPTATION Snack Caramelo/Amendoins 250 g,"2,61 €",,"(10,44 €/Kg.)",,,,https://www.minipreco.pt/produtos/mercearia/chocolates-e-snacks/snacks/p/59046,https://s1.minipreco.pt/medias/h2e/h9c/9099564711966.jpg,,2024-06-25T09:11:15.636967171Z,
manteiga de amendoim,pt,auchan,pt.auchan.15990,15990,manteiga pindakas de amendoim 350g,"3,99 €",,11.4 €/Kg,,,,https://www.auchan.pt/pt/alimentacao/mercearia/cremes-compotas-e-mel/cremes-de-barrar/manteiga-pindakas-de-amendoim-350g/15990.html,https://www.auchan.pt/dw/image/v2/BFRC_PRD/on/demandware.static/-/Sites-auchan-pt-master-catalog/default/dw9adad13b/images/hi-res/000015990.jpg?sw=250&sh=250&sm=fit&bgcolor=FFFFFF,,2024-06-25T09:11:15.809184137Z,
manteiga de amendoim,pt,auchan,pt.auchan.3074253,3074253,manteiga afg de amendoim sem açúcar 500g,"4,15 €",,8.3 €/Kg,,,,https://www.auchan.pt/pt/alimentacao/mercearia/cremes-compotas-e-mel/cremes-de-barrar/manteiga-afg-de-amendoim-sem-acucar-500g/3074253.html,https://www.auchan.pt/dw/image/v2/BFRC_PRD/on/demandware.static/-/Sites-auchan-pt-master-catalog/default/dwd1d94295/images/hi-res/003074253.jpg?sw=250&sh=250&sm=fit&bgcolor=FFFFFF,,2024-06-25T09:11:15.809184137Z,
manteiga de amendoim,pt,auchan,pt.auchan.3316256,3316256,chocolate reese's de leite com manteiga amendoim 4pack 170g,"5,19 €",,30.53 €/Kg,,,,https://www.auchan.pt/pt/alimentacao/mercearia/chocolates-e-achocolatados/tablete-chocolate-com-cereais-e-frutos-secos/chocolate-reeses-de-leite-com-manteiga-amendoim-4pack-170g/3316256.html,https://www.auchan.pt/dw/image/v2/BFRC_PRD/on/demandware.static/-/Sites-auchan-pt-master-catalog/default/dwadcebdeb/images/hi-res/003316256.jpg?sw=250&sh=250&sm=fit&bgcolor=FFFFFF,,2024-06-25T09:11:15.809184137Z,
manteiga de amendoim,pt,auchan,pt.auchan.3503408,3503408,manteiga amendoim auchan 100% & cremosa 500g,"2,65 €",,5.3 €/Kg,,,,https://www.auchan.pt/pt/alimentacao/mercearia/cremes-compotas-e-mel/cremes-de-barrar/manteiga-amendoim-auchan-100-e-cremosa-500g/3503408.html,https://www.auchan.pt/dw/image/v2/BFRC_PRD/on/demandware.static/-/Sites-auchan-pt-master-catalog/default/dw7cb01a2f/images/hi-res/003503408.jpg?sw=250&sh=250&sm=fit&bgcolor=FFFFFF,,2024-06-25T09:11:15.809184137Z,
manteiga de amendoim,pt,auchan,pt.auchan.3526449,3526449,waffers loacker manteiga de amendoim 175 g,"2,39 €",,13.66 €/Kg,,,,https://www.auchan.pt/pt/alimentacao/mercearia/bolachas-e-bolos/bolachas-recheadas-e-waffers/waffers-loacker-manteiga-de-amendoim-175-g/3526449.html,https://www.auchan.pt/dw/image/v2/BFRC_PRD/on/demandware.static/-/Sites-auchan-pt-master-catalog/default/dw634fd740/images/hi-res/003526449.jpg?sw=250&sh=250&sm=fit&bgcolor=FFFFFF,,2024-06-25T09:11:15.809184137Z,
manteiga de amendoim,pt,auchan,pt.auchan.3370687,3370687,manteiga de amendoim prozis nozes-pecã caramelizadas 250g,"3,99 €",,15.96 €/Kg,,,,https://www.auchan.pt/pt/biologicos-e-alternativas/nutricao-desportiva/preparacao-de-refeicoes/manteiga-amendoim-e-especialidades/manteiga-de-amendoim-prozis-nozes-peca-caramelizadas-250g/3370687.html,https://www.auchan.pt/dw/image/v2/BFRC_PRD/on/demandware.static/-/Sites-auchan-pt-master-catalog/default/dwf594a8e8/images/hi-res/003370687.jpg?sw=250&sh=250&sm=fit&bgcolor=FFFFFF,,2024-06-25T09:11:15.809184137Z,
manteiga de amendoim,pt,auchan,pt.auchan.2704801,2704801,snack de chocolate kitkat chunky manteiga amendoim 4x42g,"3,89 €",,23.15 €/Kg,,,,https://www.auchan.pt/pt/alimentacao/mercearia/chocolates-e-achocolatados/bombons-e-snacks/snack-de-chocolate-kitkat-chunky-manteiga-amendoim-4x42g/2704801.html,https://www.auchan.pt/dw/image/v2/BFRC_PRD/on/demandware.static/-/Sites-auchan-pt-master-catalog/default/dw73eb7717/images/hi-res/002704801.jpg?sw=250&sh=250&sm=fit&bgcolor=FFFFFF,,2024-06-25T09:11:15.809184137Z,
manteiga de amendoim,pt,auchan,pt.auchan.2347791,2347791,snack de chocolate kitkat chunky manteiga de amendoim 42 g,"1,25 €",,29.76 €/Kg,,,,https://www.auchan.pt/pt/alimentacao/mercearia/chocolates-e-achocolatados/bombons-e-snacks/snack-de-chocolate-kitkat-chunky-manteiga-de-amendoim-42-g/2347791.html,https://www.auchan.pt/dw/image/v2/BFRC_PRD/on/demandware.static/-/Sites-auchan-pt-master-catalog/default/dwca8a9b2b/images/hi-res/002347791.jpg?sw=250&sh=250&sm=fit&bgcolor=FFFFFF,,2024-06-25T09:11:15.809184137Z,
manteiga de amendoim,pt,auchan,pt.auchan.3458091,3458091,bolacha kookie cat com manteiga de amendoim coberta com chocolate bio 50g,"2,49 €",,49.8 €/Kg,,,,https://www.auchan.pt/pt/biologicos-e-alternativas/biologicos/biologicos-mercearia/bolachas-tortitas-e-bolos/bolachas-e-biscoitos/bolacha-kookie-cat-com-manteiga-de-amendoim-coberta-com-chocolate-bio-50g/3458091.html,https://www.auchan.pt/dw/image/v2/BFRC_PRD/on/demandware.static/-/Sites-auchan-pt-master-catalog/default/dwb3acee42/images/hi-res/003458091.jpg?sw=250&sh=250&sm=fit&bgcolor=FFFFFF,,2024-06-25T09:11:15.809184137Z,
manteiga de amendoim,pt,auchan,pt.auchan.2485760,2485760,manteiga prozis amendoim crocante 1kg,"7,69 €",,7.69 €/Kg,,,,https://www.auchan.pt/pt/biologicos-e-alternativas/nutricao-desportiva/preparacao-de-refeicoes/manteiga-amendoim-e-especialidades/manteiga-prozis-amendoim-crocante-1kg/2485760.html,https://www.auchan.pt/dw/image/v2/BFRC_PRD/on/demandware.static/-/Sites-auchan-pt-master-catalog/default/dw33d24a58/images/hi-res/002485760.jpg?sw=250&sh=250&sm=fit&bgcolor=FFFFFF,,2024-06-25T09:11:15.809184137Z,
manteiga de amendoim,pt,auchan,pt.auchan.2271335,2271335,manteiga prozis amendoim crocante e 100% natural 500g,"4,39 €",,8.78 €/Kg,,,,https://www.auchan.pt/pt/biologicos-e-alternativas/nutricao-desportiva/preparacao-de-refeicoes/manteiga-amendoim-e-especialidades/manteiga-prozis-amendoim-crocante-e-100-natural-500g/2271335.html,https://www.auchan.pt/dw/image/v2/BFRC_PRD/on/demandware.static/-/Sites-auchan-pt-master-catalog/default/dw4bf4abcd/images/hi-res/002271335.jpg?sw=250&sh=250&sm=fit&bgcolor=FFFFFF,,2024-06-25T09:11:15.809184137Z,
manteiga de amendoim,pt,auchan,pt.auchan.3289928,3289928,manteiga prozis amendoim cremosa 250g,"2,79 €",,11.16 €/Kg,,,,https://www.auchan.pt/pt/biologicos-e-alternativas/nutricao-desportiva/preparacao-de-refeicoes/manteiga-amendoim-e-especialidades/manteiga-prozis-amendoim-cremosa-250g/3289928.html,https://www.auchan.pt/dw/image/v2/BFRC_PRD/on/demandware.static/-/Sites-auchan-pt-master-catalog/default/dwc3fa0b50/images/hi-res/003289928.jpg?sw=250&sh=250&sm=fit&bgcolor=FFFFFF,,2024-06-25T09:11:15.809184137Z,
manteiga de amendoim,pt,auchan,pt.auchan.3693618,3693618,manteiga amendoim auchan 100% & crocante 500g,"2,65 €",,5.3 €/Kg,,,,https://www.auchan.pt/pt/alimentacao/mercearia/cremes-compotas-e-mel/cremes-de-barrar/manteiga-amendoim-auchan-100-e-crocante-500g/3693618.html,https://www.auchan.pt/dw/image/v2/BFRC_PRD/on/demandware.static/-/Sites-auchan-pt-master-catalog/default/dw9498586c/images/hi-res/003693618.jpg?sw=250&sh=250&sm=fit&bgcolor=FFFFFF,,2024-06-25T09:11:15.809184137Z,
manteiga de amendoim,pt,auchan,pt.auchan.3243381,3243381,manteiga cem porcento amendoim cremosa 200g,"1,99 €",,9.95 €/Kg,,,,https://www.auchan.pt/pt/biologicos-e-alternativas/nutricao-desportiva/preparacao-de-refeicoes/manteiga-amendoim-e-especialidades/manteiga-cem-porcento-amendoim-cremosa-200g/3243381.html,https://www.auchan.pt/dw/image/v2/BFRC_PRD/on/demandware.static/-/Sites-auchan-pt-master-catalog/default/dwd49c2bc7/images/hi-res/003243381.jpg?sw=250&sh=250&sm=fit&bgcolor=FFFFFF,,2024-06-25T09:11:15.809184137Z,
manteiga de amendoim,pt,auchan,pt.auchan.3335516,3335516,manteiga calvé amendoim 350g," 3,69 € ","2,40 €",6.86 €/Kg,,,,https://www.auchan.pt/pt/alimentacao/mercearia/cremes-compotas-e-mel/cremes-de-barrar/manteiga-calve-amendoim-350g/3335516.html,https://www.auchan.pt/dw/image/v2/BFRC_PRD/on/demandware.static/-/Sites-auchan-pt-master-catalog/default/dwb2a3224b/images/hi-res/003335516.jpg?sw=250&sh=250&sm=fit&bgcolor=FFFFFF,,2024-06-25T09:11:15.809184137Z,
manteiga de amendoim,pt,auchan,pt.auchan.3063211,3063211,manteiga calvé 100% amendoim 350g," 4,29 € ","2,79 €",7.97 €/Kg,,,,https://www.auchan.pt/pt/alimentacao/mercearia/cremes-compotas-e-mel/cremes-de-barrar/manteiga-calve-100-amendoim-350g/3063211.html,https://www.auchan.pt/dw/image/v2/BFRC_PRD/on/demandware.static/-/Sites-auchan-pt-master-catalog/default/dwfb65d87e/images/hi-res/003063211.jpg?sw=250&sh=250&sm=fit&bgcolor=FFFFFF,,2024-06-25T09:11:15.809184137Z,
manteiga de amendoim,pt,auchan,pt.auchan.2216065,2216065,manteiga amendoim prozis cremosa e 100% natural 500 g,"4,39 €",,8.78 €/Kg,,,,https://www.auchan.pt/pt/biologicos-e-alternativas/nutricao-desportiva/preparacao-de-refeicoes/manteiga-amendoim-e-especialidades/manteiga-amendoim-prozis-cremosa-e-100-natural-500-g/2216065.html,https://www.auchan.pt/dw/image/v2/BFRC_PRD/on/demandware.static/-/Sites-auchan-pt-master-catalog/default/dwa3fa024d/images/hi-res/002216065.jpg?sw=250&sh=250&sm=fit&bgcolor=FFFFFF,,2024-06-25T09:11:15.809184137Z,
manteiga de amendoim,pt,auchan,pt.auchan.99098,99098,manteiga skippy amendoim creme 340g,"3,79 €",,11.15 €/Kg,,,,https://www.auchan.pt/pt/alimentacao/mercearia/cremes-compotas-e-mel/cremes-de-barrar/manteiga-skippy-amendoim-creme-340g/99098.html,https://www.auchan.pt/dw/image/v2/BFRC_PRD/on/demandware.static/-/Sites-auchan-pt-master-catalog/default/dw7759f19b/images/hi-res/000099098.jpg?sw=250&sh=250&sm=fit&bgcolor=FFFFFF,,2024-06-25T09:11:15.809184137Z,
manteiga de amendoim,pt,auchan,pt.auchan.3209072,3209072,iogurte yopro manteiga amendoim e banana 160g,"1,28 €",,8 €/Kg,,,,https://www.auchan.pt/pt/alimentacao/produtos-lacteos/proteina/iogurtes-proteicos/iogurte-yopro-manteiga-amendoim-e-banana-160g/3209072.html,https://www.auchan.pt/dw/image/v2/BFRC_PRD/on/demandware.static/-/Sites-auchan-pt-master-catalog/default/dw0aa52eec/images/hi-res/003209072.jpg?sw=250&sh=250&sm=fit&bgcolor=FFFFFF,,2024-06-25T09:11:15.809184137Z,
manteiga de amendoim,pt,auchan,pt.auchan.3289926,3289926,manteiga prozis amendoim crocante 250g,"2,79 €",,11.16 €/Kg,,,,https://www.auchan.pt/pt/biologicos-e-alternativas/nutricao-desportiva/preparacao-de-refeicoes/manteiga-amendoim-e-especialidades/manteiga-prozis-amendoim-crocante-250g/3289926.html,https://www.auchan.pt/dw/image/v2/BFRC_PRD/on/demandware.static/-/Sites-auchan-pt-master-catalog/default/dwa879e90b/images/hi-res/003289926.jpg?sw=250&sh=250&sm=fit&bgcolor=FFFFFF,,2024-06-25T09:11:15.809184137Z,
manteiga de amendoim,pt,auchan,pt.auchan.3070986,3070986,manteiga origens bio amendoim 340g,"4,49 €",,13.21 €/Kg,,,,https://www.auchan.pt/pt/biologicos-e-alternativas/biologicos/biologicos-lacteos/manteiga-e-cremes-de-barrar/manteiga-origens-bio-amendoim-340g/3070986.html,https://www.auchan.pt/dw/image/v2/BFRC_PRD/on/demandware.static/-/Sites-auchan-pt-master-catalog/default/dwa81d55f9/images/hi-res/003070986.jpg?sw=250&sh=250&sm=fit&bgcolor=FFFFFF,,2024-06-25T09:11:15.809184137Z,
manteiga de amendoim,pt,auchan,pt.auchan.3337444,3337444,manteiga calvé amendoim pedaços 350g,"3,69 €",,10.54 €/Kg,,,,https://www.auchan.pt/pt/alimentacao/mercearia/cremes-compotas-e-mel/cremes-de-barrar/manteiga-calve-amendoim-pedacos-350g/3337444.html,https://www.auchan.pt/dw/image/v2/BFRC_PRD/on/demandware.static/-/Sites-auchan-pt-master-catalog/default/dwd19cb32c/images/hi-res/003337444.jpg?sw=250&sh=250&sm=fit&bgcolor=FFFFFF,,2024-06-25T09:11:15.809184137Z,
manteiga de amendoim,pt,auchan,pt.auchan.3297047,3297047,manteiga prozis amendoim com chocolate 250g,"3,69 €",,14.76 €/Kg,,,,https://www.auchan.pt/pt/biologicos-e-alternativas/nutricao-desportiva/preparacao-de-refeicoes/manteiga-amendoim-e-especialidades/manteiga-prozis-amendoim-com-chocolate-250g/3297047.html,https://www.auchan.pt/dw/image/v2/BFRC_PRD/on/demandware.static/-/Sites-auchan-pt-master-catalog/default/dw62c23c4e/images/hi-res/003297047.jpg?sw=250&sh=250&sm=fit&bgcolor=FFFFFF,,2024-06-25T09:11:15.809184137Z,
manteiga de amendoim,pt,auchan,pt.auchan.99099,99099,manteiga skippy amendoim crunchy 340g,"3,79 €",,11.15 €/Kg,,,,https://www.auchan.pt/pt/alimentacao/mercearia/cremes-compotas-e-mel/cremes-de-barrar/manteiga-skippy-amendoim-crunchy-340g/99099.html,https://www.auchan.pt/dw/image/v2/BFRC_PRD/on/demandware.static/-/Sites-auchan-pt-master-catalog/default/dwdba3c087/images/hi-res/000099099.jpg?sw=250&sh=250&sm=fit&bgcolor=FFFFFF,,2024-06-25T09:11:15.809184137Z,
leite de soja,pt,continente,pt.continente.7480973,7480973,Bebida Vegetal de Soja sem Açúcar,"€0,83/un",,"€0,83/lt",emb. 1 lt,Continente Equilíbrio,,,https://www.continente.pt/dw/image/v2/BDVS_PRD/on/demandware.static/-/Sites-col-master-catalog/default/dw8a9bfb95/images/col/748/7480973-frente.jpg?sw=280&sh=280,,2024-06-25T09:11:16.961970022Z,
leite de soja,pt,continente,pt.continente.5917676,5917676,Bebida Vegetal de Soja Natural,"€0,83/un",,"€0,83/lt",emb. 1 lt,Continente Equilíbrio,,,https://www.continente.pt/dw/image/v2/BDVS_PRD/on/demandware.static/-/Sites-col-master-catalog/default/dwc48de9e2/images/col/591/5917676-hero.jpg?sw=280&sh=280,,2024-06-25T09:11:16.961970022Z,
leite de soja,pt,continente,pt.continente.6437051,6437051,Bebida Vegetal de Soja,"€0,94/un",,"€0,94/lt",emb. 1 lt,Continente Bio,,,https://www.continente.pt/dw/image/v2/BDVS_PRD/on/demandware.static/-/Sites-col-master-catalog/default/dwb86bc70a/images/col/643/6437051-frente.jpg?sw=280&sh=280,,2024-06-25T09:11:16.961970022Z,
leite de soja,pt,continente,pt.continente.2456593,2456593,Bebida Vegetal de Soja Original,"€1,99/un",,"€1,99/lt",emb. 1 lt,Alpro,,,https://www.continente.pt/dw/image/v2/BDVS_PRD/on/demandware.static/-/Sites-col-master-catalog/default/dw80f46e74/images/col/245/2456593-cima.jpg?sw=280&sh=280,,2024-06-25T09:11:16.961970022Z,
leite de soja,pt,continente,pt.continente.7539339,7539339,Bebida Vegetal de Soja Baunilha,"€0,94/un",,"€0,94/lt",emb. 1 lt,Continente,,,https://www.continente.pt/dw/image/v2/BDVS_PRD/on/demandware.static/-/Sites-col-master-catalog/default/dw203d3b6f/images/col/753/7539339-frente.jpg?sw=280&sh=280,,2024-06-25T09:11:16.961970022Z,
leite de soja,pt,continente,pt.continente.2757310,2757310,Bebida Vegetal de Soja Baunilha,"€2,49/un",,"€2,49/lt",emb. 1 lt,Alpro,,,https://www.continente.pt/dw/image/v2/BDVS_PRD/on/demandware.static/-/Sites-col-master-catalog/default/dw1765e9f9/images/col/275/2757310-frente.jpg?sw=280&sh=280,,2024-06-25T09:11:16.961970022Z,
leite de soja,pt,continente,pt.continente.7539355,7539355,Bebida Vegetal de Soja Chocolate,"€0,98/un",,"€1,63/lt",emb. 3 x 200 ml,Continente,,,https://www.continente.pt/dw/image/v2/BDVS_PRD/on/demandware.static/-/Sites-col-master-catalog/default/dw5e1f10f3/images/col/753/7539355-frente.jpg?sw=280&sh=280,,2024-06-25T09:11:16.961970022Z,
leite de soja,pt,continente,pt.continente.2673216,2673216,Bebida Vegetal de Soja Chocolate,"€2,49/un",,"€2,49/lt",emb. 1 lt,Alpro,,,https://www.continente.pt/dw/image/v2/BDVS_PRD/on/demandware.static/-/Sites-col-master-catalog/default/dw761e0be7/images/col/267/2673216-cima.jpg?sw=280&sh=280,,2024-06-25T09:11:16.961970022Z,
leite de soja,pt,continente,pt.continente.3035597,3035597,Bebida Vegetal de Soja,"€2,79/un",,"€3,72/lt",emb. 3 x 250 ml,Alpro,,,https://www.continente.pt/dw/image/v2/BDVS_PRD/on/demandware.static/-/Sites-col-master-catalog/default/dw17e49afa/images/col/303/3035597-direito.jpg?sw=280&sh=280,,2024-06-25T09:11:16.961970022Z,
leite de soja,pt,continente,pt.continente.5214514,5214514,Bebida Vegetal de Soja Natural,"€0,85/un",,"€1,42/lt",emb. 3 x 200 ml,Continente Equilíbrio,,,https://www.continente.pt/dw/image/v2/BDVS_PRD/on/demandware.static/-/Sites-col-master-catalog/default/dw67246999/images/col/521/5214514-frente.jpg?sw=280&sh=280,,2024-06-25T09:11:16.961970022Z,
leite de soja,pt,continente,pt.continente.2377567,2377567,Bebida Vegetal de Soja Baunilha,"€0,99/un",,"€3,96/lt",emb. 250 ml,Alpro,,,https://www.continente.pt/dw/image/v2/BDVS_PRD/on/demandware.static/-/Sites-col-master-catalog/default/dwd772a6a5/images/col/237/2377567-direito.jpg?sw=280&sh=280,,2024-06-25T09:11:16.961970022Z,
leite de soja,pt,continente,pt.continente.3035493,3035493,Bebida Vegetal de Soja Chocolate,"€2,79/un",,"€3,72/lt",emb. 3 x 250 ml,Alpro,,,https://www.continente.pt/dw/image/v2/BDVS_PRD/on/demandware.static/-/Sites-col-master-catalog/default/dwe9d363c1/images/col/303/3035493-direito.jpg?sw=280&sh=280,,2024-06-25T09:11:16.961970022Z,
leite de soja,pt,continente,pt.continente.5917695,5917695,Bebida Vegetal de Soja -30% Açúcares,"€0,83/un",,"€0,83/lt",emb. 1 lt,Continente Equilíbrio,,,https://www.continente.pt/dw/image/v2/BDVS_PRD/on/demandware.static/-/Sites-col-master-catalog/default/dw0e9da33d/images/col/591/5917695-hero.jpg?sw=280&sh=280,,2024-06-25T09:11:16.961970022Z,
leite de soja,pt,continente,pt.continente.7924100,7924100,Bebida Vegetal de Soja Proteína,"€1,99/un",,"€2,65/kg",emb.750 ml,Alpro,,,https://www.continente.pt/dw/image/v2/BDVS_PRD/on/demandware.static/-/Sites-col-master-catalog/default/dw8f176d43/images/col/792/7924100-frente.jpg?sw=280&sh=280,,2024-06-25T09:11:16.961970022Z,
leite de soja,pt,continente,pt.continente.4064482,4064482,Bebida Vegetal de Soja Chocolate Light,"€3,19/un",,"€4,25/lt",emb. 3 x 250 ml,Alpro,,,https://www.continente.pt/dw/image/v2/BDVS_PRD/on/demandware.static/-/Sites-col-master-catalog/default/dwa239e418/images/col/406/4064482-direito.jpg?sw=280&sh=280,,2024-06-25T09:11:16.961970022Z,
leite de soja,pt,continente,pt.continente.5954438,5954438,Bebida Vegetal de Soja,"PVP Recomendado: €2,09/un","€1,66/un","€1,66/lt",emb. 1 lt,Joya,,,https://www.continente.pt/dw/image/v2/BDVS_PRD/on/demandware.static/-/Sites-col-master-catalog/default/dwbfee371d/images/col/595/5954438-frente.png?sw=280&sh=280,,2024-06-25T09:11:16.961970022Z,
leite de soja,pt,continente,pt.continente.7626354,7626354,Bebida Vegetal de Soja,"€1,68/un",,"€1,68/lt",emb. 1 lt,Berief,,,https://www.continente.pt/dw/image/v2/BDVS_PRD/on/demandware.static/-/Sites-col-master-catalog/default/dw1f73be35/images/col/762/7626354-frente.jpg?sw=280&sh=280,,2024-06-25T09:11:16.961970022Z,
leite de soja,pt,continente,pt.continente.7491342,7491342,Bebida Vegetal de Soja Barista,"€2,69/un",,"€2,69/lt",emb. 1 lt,Alpro,,,https://www.continente.pt/dw/image/v2/BDVS_PRD/on/demandware.static/-/Sites-col-master-catalog/default/dwd4590232/images/col/749/7491342-cima.jpg?sw=280&sh=280,,2024-06-25T09:11:16.961970022Z,
leite de soja,pt,continente,pt.continente.7100536,7100536,Bebida Vegetal de Soja Barista,"€2,19/un",,"€2,19/lt",emb. 1 lt,Joya,,,https://www.continente.pt/dw/image/v2/BDVS_PRD/on/demandware.static/-/Sites-col-master-catalog/default/dw53e27b74/images/col/710/7100536-frente.png?sw=280&sh=280,,2024-06-25T09:11:16.961970022Z,
leite de soja,pt,continente,pt.continente.2377603,2377603,Bebida Vegetal de Soja sem Açúcar,"€2,59/un",,"€2,59/lt",emb. 1 lt,Alpro,,,https://www.continente.pt/dw/image/v2/BDVS_PRD/on/demandware.static/-/Sites-col-master-catalog/default/dwff04496f/images/col/237/2377603-cima.jpg?sw=280&sh=280,,2024-06-25T09:11:16.961970022Z,
leite de soja,pt,continente,pt.continente.7924564,7924564,Bebida Vegetal de Soja Cálcio,"PVP Recomendado: €1,95/un","€1,56/un","€1,56/lt",emb. 1 lt,Happy Soya,,,https://www.continente.pt/dw/image/v2/BDVS_PRD/on/demandware.static/-/Sites-col-master-catalog/default/dw229dd017/images/col/792/7924564-esquerdo.jpg?sw=280&sh=280,,2024-06-25T09:11:16.961970022Z,
leite de soja,pt,continente,pt.continente.4052548,4052548,Bebida Vegetal de Soja Baunilha,"€2,29/un",,"€2,29/lt",emb. 1 lt,Vive Soy,,,https://www.continente.pt/dw/image/v2/BDVS_PRD/on/demandware.static/-/Sites-col-master-catalog/default/dw92474dd6/images/col/405/4052548-hero.jpg?sw=280&sh=280,,2024-06-25T09:11:16.961970022Z,
leite de soja,pt,continente,pt.continente.4804709,4804709,Bebida Vegetal de Soja Frutos Vermelhos,"€2,79/un",,"€3,72/lt",emb. 3 x 250 ml,Alpro,,,https://www.continente.pt/dw/image/v2/BDVS_PRD/on/demandware.static/-/Sites-col-master-catalog/default/dw8e016045/images/col/480/4804709-direito.jpg?sw=280&sh=280,,2024-06-25T09:11:16.961970022Z,
leite de soja,pt,continente,pt.continente.5611273,5611273,Bebida Vegetal de Soja Baunilha,"€1,69/un",,"€2,82/lt",emb. 3 x 200 ml,Shoyce Hug,,,https://www.continente.pt/dw/image/v2/BDVS_PRD/on/demandware.static/-/Sites-col-master-catalog/default/dw0d45a081/images/col/561/5611273-frente.png?sw=280&sh=280,,2024-06-25T09:11:16.961970022Z,
leite de soja,pt,minipreco,pt.minipreco.2274,2274,ALPRO Bebida Vegetal Soja Original 1 L,"1,99 €",,"(1,99 €/l.)",,,,https://www.minipreco.pt/produtos/laticinios-e-ovos/leite/bebidas-vegetais/p/2274,https://s0.minipreco.pt/medias/h13/h6c/9080859590686.jpg,,2024-06-25T09:11:17.388278966Z,
leite de soja,pt,minipreco,pt.minipreco.3027,3027,DIA VEGEDIA Bebida de Soja Natural 1 L,"0,91 €",,"(0,91 €/l.)",,,,https://www.minipreco.pt/produtos/laticinios-e-ovos/leite/bebidas-vegetais/p/3027,https://s0.minipreco.pt/medias/hfe/h21/9095535853598.jpg,,2024-06-25T09:11:17.388278966Z,
leite de soja,pt,minipreco,pt.minipreco.129956,129956,DIA VEGEDIA Bebida de Soja Light 1 L,"1,08 €",,"(1,08 €/l.)",,,,https://www.minipreco.pt/produtos/laticinios-e-ovos/leite/bebidas-vegetais/p/129956,https://s1.minipreco.pt/medias/h52/ha4/9099565695006.jpg,,2024-06-25T09:11:17.388278966Z,
leite de soja,pt,minipreco,pt.minipreco.126683,126683,DIA VEGEDIA Bebida de Soja de Chocolate 3x200 ml,"1,42 €",,"(2,37 €/l.)",,,,https://www.minipreco.pt/produtos/laticinios-e-ovos/leite/bebidas-vegetais/p/126683,https://s1.minipreco.pt/medias/h8d/hb6/9089261469726.jpg,,2024-06-25T09:11:17.388278966Z,
leite de soja,pt,minipreco,pt.minipreco.607,607,DIA LÁCTEA Leite Magro 1 L,"0,82 €",,"(0,82 €/l.)",,,,https://www.minipreco.pt/produtos/laticinios-e-ovos/leite/leite-magro/p/607,https://s1.minipreco.pt/medias/haa/h49/9009815191582.jpg,,2024-06-25T09:11:17.388278966Z,
leite de soja,pt,minipreco,pt.minipreco.61219,61219,DIA LÁCTEA Leite Condensado 397 g,"1,45 €",,"(3,65 €/Kg.)",,,,https://www.minipreco.pt/produtos/mercearia/acucar-e-preparados-para-sobremesas/toppings-e-ingredientes/p/61219,https://s3.minipreco.pt/medias/h39/h78/9038370734110.jpg,,2024-06-25T09:11:17.388278966Z,
leite de soja,pt,minipreco,pt.minipreco.16250,16250,CEM PORCENTO Salsichas de Soja 390 g,"4,69 €",,"(12,03 €/Kg.)",,,,https://www.minipreco.pt/produtos/mercearia/alimentac%C3%A3o-vegetariana/vegetariano/p/16250,https://s2.minipreco.pt/medias/hd3/hd6/8999216021534.jpg,,2024-06-25T09:11:17.388278966Z,
leite de soja,pt,minipreco,pt.minipreco.300478,300478,VALSOIA Molho Bechamel de Soja 200 ml,"1,49 €",,"(7,45 €/l.)",,,,https://www.minipreco.pt/produtos/mercearia/sal-temperos-e-molhos/molhos-e-temperos/p/300478,https://s2.minipreco.pt/medias/h34/h9e/9117467377694.jpg,,2024-06-25T09:11:17.388278966Z,
leite de soja,pt,minipreco,pt.minipreco.248786,248786,ALPRO Yofu de Soja Natural 4x125 g,"2,99 €",,"(5,98 €/Kg.)",,,,https://www.minipreco.pt/produtos/laticinios-e-ovos/iogurtes/naturais/p/248786,https://s1.minipreco.pt/medias/h67/had/9080861229086.jpg,,2024-06-25T09:11:17.388278966Z,
leite de soja,pt,minipreco,pt.minipreco.143203,143203,DIA LÁCTEA Leite Condensado Cozido 397 g,"2,10 €",,"(5,29 €/Kg.)",,,,https://www.minipreco.pt/produtos/mercearia/acucar-e-preparados-para-sobremesas/toppings-e-ingredientes/p/143203,https://s3.minipreco.pt/medias/h1f/h83/9044691976222.jpg,,2024-06-25T09:11:17.388278966Z,
leite de soja,pt,minipreco,pt.minipreco.21838,21838,DIA LÁCTEA Leite Com Chocolate 3x200 ml,"0,93 €",,"(1,55 €/l.)",,,,https://www.minipreco.pt/produtos/laticinios-e-ovos/leite/leite-com-sabor/p/21838,https://s2.minipreco.pt/medias/h68/h82/8963118694430.jpg,,2024-06-25T09:11:17.388278966Z,
leite de soja,pt,minipreco,pt.minipreco.267126,267126,DIA LÁCTEA Leite Meio Gordo 3x200 ml,"0,95 €",,"(1,58 €/l.)",,,,https://www.minipreco.pt/produtos/laticinios-e-ovos/leite/leite-meio-gordo-e-gordo/p/267126,https://s1.minipreco.pt/medias/h41/he3/8982892838942.jpg,,2024-06-25T09:11:17.388278966Z,
leite de soja,pt,minipreco,pt.minipreco.608,608,DIA LÁCTEA Leite UHT Gordo 1 L,"1,06 €",,"(1,06 €/l.)",,,,https://www.minipreco.pt/produtos/laticinios-e-ovos/leite/leite-meio-gordo-e-gordo/p/608,https://s3.minipreco.pt/medias/h4e/h64/9009817813022.jpg,,2024-06-25T09:11:17.388278966Z,
leite de soja,pt,minipreco,pt.minipreco.61220,61220,DIA LÁCTEA Leite Condensado Magro 397 g,"1,58 €",,"(3,98 €/Kg.)",,,,https://www.minipreco.pt/produtos/mercearia/acucar-e-preparados-para-sobremesas/toppings-e-ingredientes/p/61220,https://s2.minipreco.pt/medias/h98/h78/9031694024734.jpg,,2024-06-25T09:11:17.388278966Z,
leite de soja,pt,minipreco,pt.minipreco.9196,9196,KIKKOMAN Molho Soja Dispenser 150 ml,"4,29 €",,"(28,60 €/l.)",,,,https://www.minipreco.pt/produtos/mercearia/sal-temperos-e-molhos/molhos-e-temperos/p/9196,https://s3.minipreco.pt/medias/h13/h6a/9135948922910.jpg,,2024-06-25T09:11:17.388278966Z,
leite de soja,pt,minipreco,pt.minipreco.27035,27035,SALUTEM Proti Soja Fina 400 g,"1,59 €",,"(3,98 €/Kg.)",,,,https://www.minipreco.pt/produtos/mercearia/alimentac%C3%A3o-vegetariana/vegetariano/p/27035,https://s2.minipreco.pt/medias/ha0/h2b/9118791860254.jpg,,2024-06-25T09:11:17.388278966Z,
leite de soja,pt,minipreco,pt.minipreco.293196,293196,VEGALIA Salsichas de Soja em Frasco 200 g,"3,19 €",,"(15,95 €/Kg.)",,,,https://www.minipreco.pt/produtos/mercearia/alimentac%C3%A3o-vegetariana/vegetariano/p/293196,https://s3.minipreco.pt/medias/h8e/h9a/9066401988638.jpg,,2024-06-25T09:11:17.388278966Z,
leite de soja,pt,minipreco,pt.minipreco.118716,118716,DIA UMA PITADA! Molho de Soja 200 ml,"1,26 €",,"(6,30 €/l.)",,,,https://www.minipreco.pt/produtos/mercearia/sal-temperos-e-molhos/molhos-e-temperos/p/118716,https://s0.minipreco.pt/medias/hfb/hf7/9073913724958.jpg,,2024-06-25T09:11:17.388278966Z,
leite de soja,pt,minipreco,pt.minipreco.185450,185450,DIA LÁCTEA Leite Magro Sem Lactose 1 L,"1,07 €",,"(1,07 €/l.)",,,,https://www.minipreco.pt/produtos/laticinios-e-ovos/leite/bebidas-vegetais/p/185450,https://s2.minipreco.pt/medias/h01/h46/9010531139614.jpg,,2024-06-25T09:11:17.388278966Z,
leite de soja,pt,minipreco,pt.minipreco.504,504,DIA LÁCTEA Leite UHT Meio Gordo 1 L,"0,82 €",,"(0,82 €/l.)",,,,https://www.minipreco.pt/produtos/laticinios-e-ovos/leite/leite-meio-gordo-e-gordo/p/504,https://s0.minipreco.pt/medias/hcc/hb1/9009815519262.jpg,,2024-06-25T09:11:17.388278966Z,
leite de soja,pt,minipreco,pt.minipreco.285105,285105,A LEITEIRA Mousse Chocolate Leite 4x60 g,"2,65 €",,"(11,04 €/Kg.)",,,,https://www.minipreco.pt/produtos/pronto-a-comer/sobremesas-prontas-a-comer/pudins-e-sobremesas-lacteas/p/285105,https://s3.minipreco.pt/medias/h7d/h60/9009692540958.jpg,,2024-06-25T09:11:17.388278966Z,
leite de soja,pt,minipreco,pt.minipreco.301092,301092,ALPRO Yofu de Soja Tropical Plant Protein 200 g,"1,69 €",,"(8,45 €/Kg.)",,,,https://www.minipreco.pt/produtos/laticinios-e-ovos/iogurtes/proteicos/p/301092,https://s0.minipreco.pt/medias/hbf/h4a/9111634411550.jpg,,2024-06-25T09:11:17.388278966Z,
leite de soja,pt,minipreco,pt.minipreco.13088,13088,ALPRO Creme Vegetal de Soja para Barrar 225 g,"1,89 €",,"(8,40 €/Kg.)",,,,https://www.minipreco.pt/produtos/laticinios-e-ovos/manteigas-margarinas-e-cremes-para-barrar/manteiga-e-cremes-para-barrar/p/13088,https://s3.minipreco.pt/medias/h02/h27/9056883703838.jpg,,2024-06-25T09:11:17.388278966Z,
leite de soja,pt,minipreco,pt.minipreco.272055,272055,NOBRE VEGALIA Especialidade Vegetariana de Soja Lata 8 un,"2,79 €",,"(0,35 €/ud.)",,,,https://www.minipreco.pt/produtos/mercearia/alimentac%C3%A3o-vegetariana/vegetariano/p/272055,https://s3.minipreco.pt/medias/h85/hd2/9093962530846.jpg,,2024-06-25T09:11:17.388278966Z,
leite de soja,pt,auchan,pt.auchan.3322551,3322551,bebida auchan soja sem açúcares 1l,"0,83 €",,0.83 €/Lt,,,,https://www.auchan.pt/pt/biologicos-e-alternativas/sem-acucar-adicionado/bebidas-vegetais-sem-acucar-adicionado/bebida-auchan-soja-sem-acucares-1l/3322551.html,https://www.auchan.pt/dw/image/v2/BFRC_PRD/on/demandware.static/-/Sites-auchan-pt-master-catalog/default/dwfee2e461/images/hi-res/003322551.jpg?sw=250&sh=250&sm=fit&bgcolor=FFFFFF,,2024-06-25T09:11:19.364815850Z,
leite de soja,pt,auchan,pt.auchan.3009112,3009112,bebida auchan soja sem glúten 1l,"0,79 €",,0.79 €/Lt,,,,https://www.auchan.pt/pt/biologicos-e-alternativas/sem-gluten/alternativas-vegetais-sem-gluten/bebidas-vegetais-sem-gluten/bebida-auchan-soja-sem-gluten-1l/3009112.html,https://www.auchan.pt/dw/image/v2/BFRC_PRD/on/demandware.static/-/Sites-auchan-pt-master-catalog/default/dwe59db272/images/hi-res/003009112.jpg?sw=250&sh=250&sm=fit&bgcolor=FFFFFF,,2024-06-25T09:11:19.364815850Z,
leite de soja,pt,auchan,pt.auchan.2962757,2962757,bebida provamel de soja natura sem açúcar bio 1l,"2,15 €",,2.15 €/Lt,,,,https://www.auchan.pt/pt/biologicos-e-alternativas/biologicos/biologicos-alternativas-vegetais/alternativa-ao-leite/bebida-provamel-de-soja-natura-sem-acucar-bio-1l/2962757.html,https://www.auchan.pt/dw/image/v2/BFRC_PRD/on/demandware.static/-/Sites-auchan-pt-master-catalog/default/dwd76ea750/images/hi-res/002962757.jpg?sw=250&sh=250&sm=fit&bgcolor=FFFFFF,,2024-06-25T09:11:19.364815850Z,
leite de soja,pt,auchan,pt.auchan.2141455,2141455,bebida shoyce soja 1l,"1,35 €",,1.35 €/Lt,,,,https://www.auchan.pt/pt/alimentacao/produtos-lacteos/bebidas-vegetais/soja/bebida-shoyce-soja-1l/2141455.html,https://www.auchan.pt/dw/image/v2/BFRC_PRD/on/demandware.static/-/Sites-auchan-pt-master-catalog/default/dw5eda26e7/images/hi-res/002141455.jpg?sw=250&sh=250&sm=fit&bgcolor=FFFFFF,,2024-06-25T09:11:19.364815850Z,
leite de soja,pt,auchan,pt.auchan.427039,427039,bebida alpro soja sem açúcar 1l," 2,59 € ","1,99 €",1.99 €/Lt,,,,https://www.auchan.pt/pt/biologicos-e-alternativas/sem-acucar-adicionado/bebidas-vegetais-sem-acucar-adicionado/bebida-alpro-soja-sem-acucar-1l/427039.html,https://www.auchan.pt/dw/image/v2/BFRC_PRD/on/demandware.static/-/Sites-auchan-pt-master-catalog/default/dw37392949/images/hi-res/000427039.jpg?sw=250&sh=250&sm=fit&bgcolor=FFFFFF,,2024-06-25T09:11:19.364815850Z,
leite de soja,pt,auchan,pt.auchan.602328,602328,bebida alpro soja original 3x250ml,"2,79 €",,3.72 €/Lt,,,,https://www.auchan.pt/pt/alimentacao/produtos-lacteos/bebidas-vegetais/soja/bebida-alpro-soja-original-3x250ml/602328.html,https://www.auchan.pt/dw/image/v2/BFRC_PRD/on/demandware.static/-/Sites-auchan-pt-master-catalog/default/dw8198172c/images/hi-res/000602328.jpg?sw=250&sh=250&sm=fit&bgcolor=FFFFFF,,2024-06-25T09:11:19.364815850Z,
leite de soja,pt,auchan,pt.auchan.651091,651091,bebida alpro soja original light 1l,"1,99 €",,1.99 €/Lt,,,,https://www.auchan.pt/pt/alimentacao/produtos-lacteos/bebidas-vegetais/soja/bebida-alpro-soja-original-light-1l/651091.html,https://www.auchan.pt/dw/image/v2/BFRC_PRD/on/demandware.static/-/Sites-auchan-pt-master-catalog/default/dw6222dddc/images/hi-res/000651091.jpg?sw=250&sh=250&sm=fit&bgcolor=FFFFFF,,2024-06-25T09:11:19.364815850Z,
leite de soja,pt,auchan,pt.auchan.2120822,2120822,bebida auchan soja baunilha 1l,"0,94 €",,0.94 €/Lt,,,,https://www.auchan.pt/pt/alimentacao/produtos-lacteos/bebidas-vegetais/bebidas-vegetais-aromatizadas/bebida-auchan-soja-baunilha-1l/2120822.html,https://www.auchan.pt/dw/image/v2/BFRC_PRD/on/demandware.static/-/Sites-auchan-pt-master-catalog/default/dw539c1ad3/images/hi-res/002120822.jpg?sw=250&sh=250&sm=fit&bgcolor=FFFFFF,,2024-06-25T09:11:19.364815850Z,
leite de soja,pt,auchan,pt.auchan.3435368,3435368,bebida alpro soja barista 1l,"2,68 €",,2.68 €/Lt,,,,https://www.auchan.pt/pt/alimentacao/produtos-lacteos/bebidas-vegetais/soja/bebida-alpro-soja-barista-1l/3435368.html,https://www.auchan.pt/dw/image/v2/BFRC_PRD/on/demandware.static/-/Sites-auchan-pt-master-catalog/default/dwd71983df/images/hi-res/003435368.jpg?sw=250&sh=250&sm=fit&bgcolor=FFFFFF,,2024-06-25T09:11:19.364815850Z,
leite de soja,pt,auchan,pt.auchan.521076,521076,bebida alpro soja chocolate 1l,"2,49 €",,2.49 €/Lt,,,,https://www.auchan.pt/pt/alimentacao/produtos-lacteos/bebidas-vegetais/bebidas-vegetais-aromatizadas/bebida-alpro-soja-chocolate-1l/521076.html,https://www.auchan.pt/dw/image/v2/BFRC_PRD/on/demandware.static/-/Sites-auchan-pt-master-catalog/default/dw59a279db/images/hi-res/000521076.jpg?sw=250&sh=250&sm=fit&bgcolor=FFFFFF,,2024-06-25T09:11:19.364815850Z,
leite de soja,pt,auchan,pt.auchan.565831,565831,bebida alpro soja baunilha 1l,"2,49 €",,2.49 €/Lt,,,,https://www.auchan.pt/pt/alimentacao/produtos-lacteos/bebidas-vegetais/bebidas-vegetais-aromatizadas/bebida-alpro-soja-baunilha-1l/565831.html,https://www.auchan.pt/dw/image/v2/BFRC_PRD/on/demandware.static/-/Sites-auchan-pt-master-catalog/default/dwa33ed3f6/images/hi-res/000565831.jpg?sw=250&sh=250&sm=fit&bgcolor=FFFFFF,,2024-06-25T09:11:19.364815850Z,
leite de soja,pt,auchan,pt.auchan.2120838,2120838,bebida auchan soja chocolate 1l,"0,94 €",,0.94 €/Lt,,,,https://www.auchan.pt/pt/alimentacao/produtos-lacteos/bebidas-vegetais/bebidas-vegetais-aromatizadas/bebida-auchan-soja-chocolate-1l/2120838.html,https://www.auchan.pt/dw/image/v2/BFRC_PRD/on/demandware.static/-/Sites-auchan-pt-master-catalog/default/dwc102694c/images/hi-res/002120838.jpg?sw=250&sh=250&sm=fit&bgcolor=FFFFFF,,2024-06-25T09:11:19.364815850Z,
leite de soja,pt,auchan,pt.auchan.602315,602315,bebida alpro soja com banana 3x250ml,"2,79 €",,3.72 €/Lt,,,,https://www.auchan.pt/pt/alimentacao/produtos-lacteos/bebidas-vegetais/bebidas-vegetais-aromatizadas/bebida-alpro-soja-com-banana-3x250ml/602315.html,https://www.auchan.pt/dw/image/v2/BFRC_PRD/on/demandware.static/-/Sites-auchan-pt-master-catalog/default/dw6de96312/images/hi-res/000602315.jpg?sw=250&sh=250&sm=fit&bgcolor=FFFFFF,,2024-06-25T09:11:19.364815850Z,
leite de soja,pt,auchan,pt.auchan.547713,547713,bebida alpro soja chocolate 3x250ml,"2,79 €",,3.72 €/Lt,,,,https://www.auchan.pt/pt/alimentacao/produtos-lacteos/bebidas-vegetais/bebidas-vegetais-aromatizadas/bebida-alpro-soja-chocolate-3x250ml/547713.html,https://www.auchan.pt/dw/image/v2/BFRC_PRD/on/demandware.static/-/Sites-auchan-pt-master-catalog/default/dw96091110/images/hi-res/000547713.jpg?sw=250&sh=250&sm=fit&bgcolor=FFFFFF,,2024-06-25T09:11:19.364815850Z,
leite de soja,pt,auchan,pt.auchan.833036,833036,bebida alpro soja chocolate light 3x250ml,"3,18 €",,4.24 €/Lt,,,,https://www.auchan.pt/pt/alimentacao/produtos-lacteos/bebidas-vegetais/bebidas-vegetais-aromatizadas/bebida-alpro-soja-chocolate-light-3x250ml/833036.html,https://www.auchan.pt/dw/image/v2/BFRC_PRD/on/demandware.static/-/Sites-auchan-pt-master-catalog/default/dw4ac8d7f8/images/hi-res/000833036.jpg?sw=250&sh=250&sm=fit&bgcolor=FFFFFF,,2024-06-25T09:11:19.364815850Z,
leite de soja,pt,auchan,pt.auchan.3694661,3694661,bebida alpro soja chocolate proteína 750ml,"2,39 €",,3.19 €/Lt,,,,https://www.auchan.pt/pt/alimentacao/produtos-lacteos/proteina/bebidas-vegetais-proteicas/bebida-alpro-soja-chocolate-proteina-750ml/3694661.html,https://www.auchan.pt/dw/image/v2/BFRC_PRD/on/demandware.static/-/Sites-auchan-pt-master-catalog/default/dwf94648a1/images/hi-res/003694661.jpg?sw=250&sh=250&sm=fit&bgcolor=FFFFFF,,2024-06-25T09:11:19.364815850Z,
leite de soja,pt,auchan,pt.auchan.1185052,1185052,bebida soja cem porcento em pó 400g,"6,78 €",,16.95 €/Kg,,,,https://www.auchan.pt/pt/alimentacao/produtos-lacteos/leites/leite-em-po/bebida-soja-cem-porcento-em-po-400g/1185052.html,https://www.auchan.pt/dw/image/v2/BFRC_PRD/on/demandware.static/-/Sites-auchan-pt-master-catalog/default/dw791d46a2/images/hi-res/001185052.jpg?sw=250&sh=250&sm=fit&bgcolor=FFFFFF,,2024-06-25T09:11:19.364815850Z,
leite de soja,pt,auchan,pt.auchan.1060262,1060262,bebida alpro soja frutos vermelhos 3x250ml,"2,79 €",,3.72 €/Lt,,,,https://www.auchan.pt/pt/alimentacao/produtos-lacteos/bebidas-vegetais/bebidas-vegetais-aromatizadas/bebida-alpro-soja-frutos-vermelhos-3x250ml/1060262.html,https://www.auchan.pt/dw/image/v2/BFRC_PRD/on/demandware.static/-/Sites-auchan-pt-master-catalog/default/dw7d3a9a12/images/hi-res/001060262.jpg?sw=250&sh=250&sm=fit&bgcolor=FFFFFF,,2024-06-25T09:11:19.364815850Z,
leite de soja,pt,auchan,pt.auchan.3031183,3031183,bebida auchan soja bio natural 1l,"0,98 €",,0.98 €/Lt,,,,https://www.auchan.pt/pt/biologicos-e-alternativas/biologicos/biologicos-alternativas-vegetais/alternativa-ao-leite/bebida-auchan-soja-bio-natural-1l/3031183.html,https://www.auchan.pt/dw/image/v2/BFRC_PRD/on/demandware.static/-/Sites-auchan-pt-master-catalog/default/dw5303886c/images/hi-res/003031183.jpg?sw=250&sh=250&sm=fit&bgcolor=FFFFFF,,2024-06-25T09:11:19.364815850Z,
leite de soja,pt,auchan,pt.auchan.1095079,1095079,bebida auchan soja bio baunilha 1l,"1,49 €",,1.49 €/Lt,,,,https://www.auchan.pt/pt/biologicos-e-alternativas/biologicos/biologicos-alternativas-vegetais/alternativa-ao-leite/bebida-auchan-soja-bio-baunilha-1l/1095079.html,https://www.auchan.pt/dw/image/v2/BFRC_PRD/on/demandware.static/-/Sites-auchan-pt-master-catalog/default/dwabfccd57/images/hi-res/001095079.jpg?sw=250&sh=250&sm=fit&bgcolor=FFFFFF,,2024-06-25T09:11:19.364815850Z,
leite de soja,pt,auchan,pt.auchan.3630928,3630928,bebida alpro soja baunilha 250ml,"0,93 €",,3.72 €/Lt,,,,https://www.auchan.pt/pt/alimentacao/produtos-lacteos/bebidas-vegetais/bebidas-vegetais-aromatizadas/bebida-alpro-soja-baunilha-250ml/3630928.html,https://www.auchan.pt/dw/image/v2/BFRC_PRD/on/demandware.static/-/Sites-auchan-pt-master-catalog/default/dw05e95f93/images/hi-res/003630928.jpg?sw=250&sh=250&sm=fit&bgcolor=FFFFFF,,2024-06-25T09:11:19.364815850Z,
leite de soja,pt,auchan,pt.auchan.1095090,1095090,bebida auchan soja bio chocolate 1l,"1,49 €",,1.49 €/Lt,,,,https://www.auchan.pt/pt/biologicos-e-alternativas/biologicos/biologicos-alternativas-vegetais/alternativa-ao-leite/bebida-auchan-soja-bio-chocolate-1l/1095090.html,https://www.auchan.pt/dw/image/v2/BFRC_PRD/on/demandware.static/-/Sites-auchan-pt-master-catalog/default/dw76f05588/images/hi-res/001095090.jpg?sw=250&sh=250&sm=fit&bgcolor=FFFFFF,,2024-06-25T09:11:19.364815850Z,
leite de soja,pt,auchan,pt.auchan.3694658,3694658,bebida soja alpro alto teor proteína 750ml,"2,39 €",,3.19 €/Lt,,,,https://www.auchan.pt/pt/alimentacao/produtos-lacteos/proteina/bebidas-vegetais-proteicas/bebida-soja-alpro-alto-teor-proteina-750ml/3694658.html,https://www.auchan.pt/dw/image/v2/BFRC_PRD/on/demandware.static/-/Sites-auchan-pt-master-catalog/default/dwa27f9c94/images/hi-res/003694658.jpg?sw=250&sh=250&sm=fit&bgcolor=FFFFFF,,2024-06-25T09:11:19.364815850Z,
leite de soja,pt,auchan,pt.auchan.3449088,3449088,bebida joya coco soja barista 1l,"2,79 €",,2.79 €/Lt,,,,https://www.auchan.pt/pt/alimentacao/produtos-lacteos/bebidas-vegetais/coco/bebida-joya-coco-soja-barista-1l/3449088.html,https://www.auchan.pt/dw/image/v2/BFRC_PRD/on/demandware.static/-/Sites-auchan-pt-master-catalog/default/dwe8b0fc60/images/hi-res/003449088.jpg?sw=250&sh=250&sm=fit&bgcolor=FFFFFF,,2024-06-25T09:11:19.364815850Z,
cogumelos marron,pt,continente,pt.continente.6921736,6921736,Cogumelo Marron,"€1,89/un",,"€6,30/kg",emb. 300 gr,Continente,,,https://www.continente.pt/dw/image/v2/BDVS_PRD/on/demandware.static/-/Sites-col-master-catalog/default/dwcabc177c/images/col/692/6921736-cima-fora-embalagem.jpg?sw=280&sh=280,,2024-06-25T09:11:26.226241678Z,
cogumelos marron,pt,continente,pt.continente.6921994,6921994,Cogumelo Marron Laminado,"€1,89/un",,"€7,56/kg",emb. 250 gr,Continente,,,https://www.continente.pt/dw/image/v2/BDVS_PRD/on/demandware.static/-/Sites-col-master-catalog/default/dwca95e8a7/images/col/692/6921994-cima.jpg?sw=280&sh=280,,2024-06-25T09:11:26.226241678Z,
cogumelos marron,pt,continente,pt.continente.4987751,4987751,Cogumelo Marron,"€5,99/kg",,"€0,30/un",Quant. Mínima = 300 gr (6 un),Continente,,,https://www.continente.pt/dw/image/v2/BDVS_PRD/on/demandware.static/-/Sites-col-master-catalog/default/dwe0f52a7c/images/col/498/4987751-cima-granel.png?sw=280&sh=280,,2024-06-25T09:11:26.226241678Z,
cogumelos marron,pt,continente,pt.continente.7559241,7559241,Cogumelo Marron Biológico,"€1,99/un",,"€13,27/kg",emb. 150 gr,Continente Bio,,,https://www.continente.pt/dw/image/v2/BDVS_PRD/on/demandware.static/-/Sites-col-master-catalog/default/dw15a4e038/images/col/755/7559241-frente.jpg?sw=280&sh=280,,2024-06-25T09:11:26.226241678Z,
cogumelos marron,pt,minipreco,pt.minipreco.276780,276780,HORTA DO DIA Cogumelo Marron 300 g,"1,99 €",,"(6,63 €/Kg.)",,,,https://www.minipreco.pt/produtos/frutas-e-vegetais/vegetais/cogumelos/p/276780,https://s1.minipreco.pt/medias/he4/hb7/8971763843102.jpg,,2024-06-25T09:11:26.512839594Z,
cogumelos marron,pt,minipreco,pt.minipreco.220088,220088,VEG IN Hamburguer Cogumelos 2x80 g,"3,54 €",,"(22,13 €/Kg.)",,,,https://www.minipreco.pt/produtos/mercearia/alimentac%C3%A3o-vegetariana/vegetariano/p/220088,https://s3.minipreco.pt/medias/h18/hc2/9012213776414.jpg,,2024-06-25T09:11:26.512839594Z,
cogumelos marron,pt,minipreco,pt.minipreco.1302,1302,DIA VEGECAMPO Cogumelos Inteiros 185 g,"1,37 €",,"(7,41 €/Kg.)",,,,https://www.minipreco.pt/produtos/mercearia/conservas/cogumelos-milho-e-outras-conservas-vegetais/p/1302,https://s1.minipreco.pt/medias/h31/hb3/9073883742238.jpg,,2024-06-25T09:11:26.512839594Z,
cogumelos marron,pt,minipreco,pt.minipreco.51633,51633,DIA VEGECAMPO Cogumelos Laminados 3x185 g,"2,46 €",,"(7,81 €/Kg.)",,,,https://www.minipreco.pt/produtos/mercearia/conservas/cogumelos-milho-e-outras-conservas-vegetais/p/51633,https://s0.minipreco.pt/medias/h1e/h73/9057972682782.jpg,,2024-06-25T09:11:26.512839594Z,
cogumelos marron,pt,minipreco,pt.minipreco.1666,1666,DIA VEGECAMPO Cogumelos Laminados 185 g,"1,11 €"," 0,93 € "," (5,03 €/Kg.) ",,,,https://www.minipreco.pt/produtos/mercearia/conservas/cogumelos-milho-e-outras-conservas-vegetais/p/1666,https://s0.minipreco.pt/medias/h38/hfd/9073883414558.jpg,,2024-06-25T09:11:26.512839594Z,
cogumelos marron,pt,minipreco,pt.minipreco.144862,144862,KNORR Sopa de Cogumelos Gourmet 61 g,"2,10 €",,"(34,43 €/Kg.)",,,,https://www.minipreco.pt/produtos/mercearia/refeic%C3%B5es-instant%C3%A2neas/preparados-para-sopas/p/144862,https://s2.minipreco.pt/medias/h8d/h80/8949512273950.jpg,,2024-06-25T09:11:26.512839594Z,
cogumelos marron,pt,minipreco,pt.minipreco.112269,112269,PARMALAT Natas Culinária Com Cogumelos 200 ml,"1,29 €",,"(6,45 €/l.)",,,,https://www.minipreco.pt/produtos/laticinios-e-ovos/natas-e-cremes-culinaria/natas-e-cremes-para-culinaria/p/112269,https://s3.minipreco.pt/medias/h2b/h31/8915825754142.jpg,,2024-06-25T09:11:26.512839594Z,
cogumelos marron,pt,minipreco,pt.minipreco.274957,274957,HORTA DO DIA Cogumelo Laminado 250 g,"1,99 €",,"(7,96 €/Kg.)",,,,https://www.minipreco.pt/produtos/frutas-e-vegetais/vegetais/cogumelos/p/274957,https://s0.minipreco.pt/medias/hba/h6f/8968606187550.jpg,,2024-06-25T09:11:26.512839594Z,
cogumelos marron,pt,minipreco,pt.minipreco.274958,274958,HORTA DO DIA Cogumelo Pleurothus 200 g,"2,52 €",,"(12,60 €/Kg.)",,,,https://www.minipreco.pt/produtos/frutas-e-vegetais/vegetais/cogumelos/p/274958,https://s1.minipreco.pt/medias/hb5/h55/8971763187742.jpg,,2024-06-25T09:11:26.512839594Z,
cogumelos marron,pt,minipreco,pt.minipreco.274959,274959,HORTA DO DIA Cogumelo Inteiro 300 g,"1,99 €",,"(6,63 €/Kg.)",,,,https://www.minipreco.pt/produtos/frutas-e-vegetais/vegetais/cogumelos/p/274959,https://s0.minipreco.pt/medias/h4c/hb6/8971764170782.jpg,,2024-06-25T09:11:26.512839594Z,
cogumelos marron,pt,minipreco,pt.minipreco.84650,84650,DIA AL PUNTO Salteado de Cogumelos 450 g,"2,32 €",,"(5,16 €/Kg.)",,,,https://www.minipreco.pt/produtos/gelados-e-congelados/legumes-e-vegetais/preparados-de-vegetais/p/84650,https://s2.minipreco.pt/medias/h62/hed/8963118301214.jpg,,2024-06-25T09:11:26.512839594Z,
cogumelos marron,pt,minipreco,pt.minipreco.207181,207181,BUITONI Pizza Forno Di Piedra Fiambre e Cogumelos 340 g,"3,65 €",,"(10,74 €/Kg.)",,,,https://www.minipreco.pt/produtos/gelados-e-congelados/pratos-preparados/pizzas-e-pratos-italianos/p/207181,https://s0.minipreco.pt/medias/h04/h1a/9099569561630.jpg,,2024-06-25T09:11:26.512839594Z,
cogumelos marron,pt,minipreco,pt.minipreco.205539,205539,"BICENTURY Tortitas de Milho de Cogumelos, Trufas e Queijo 124 g","2,95 €",,"(23,79 €/Kg.)",,,,https://www.minipreco.pt/produtos/mercearia/bolachas/tortitas/p/205539,https://s3.minipreco.pt/medias/h4b/h8f/9073165664286.jpg,,2024-06-25T09:11:26.512839594Z,
cogumelos marron,pt,minipreco,pt.minipreco.225463,225463,Arroz,"4,38 €",,"(4,38 €/Kg.)",,,,https://www.minipreco.pt/produtos/pronto-a-comer/consumo-imediato/arroz-branco/p/225463,https://s3.minipreco.pt/medias/h95/h87/8845807648798.jpg,,2024-06-25T09:11:26.512839594Z,
cogumelos marron,pt,minipreco,pt.minipreco.80574,80574,MARTINI Rosso 10x60 ml,"9,99 €",,"(16,65 €/l.)",,,,https://www.minipreco.pt/produtos/bebidas-e-garrafeira/bebidas-espirituosas-e-espumantes/outras-bebidas-espirituosas/p/80574,https://s0.minipreco.pt/medias/h4f/hab/8922951581726.jpg,,2024-06-25T09:11:26.512839594Z,
cogumelos marron,pt,minipreco,pt.minipreco.58504,58504,MARTINI Vermouth Rosso 750 ml,"10,69 €"," 9,08 € "," (12,11 €/l.) ",,,,https://www.minipreco.pt/produtos/bebidas-e-garrafeira/bebidas-espirituosas-e-espumantes/outras-bebidas-espirituosas/p/58504,https://s0.minipreco.pt/medias/hf0/he2/8944612474910.jpg,,2024-06-25T09:11:26.512839594Z,
cogumelos marron,pt,minipreco,pt.minipreco.260726,260726,MARTINI Vermouth Fiero 750 ml,"12,59 €",,"(16,79 €/l.)",,,,https://www.minipreco.pt/produtos/bebidas-e-garrafeira/bebidas-espirituosas-e-espumantes/outras-bebidas-espirituosas/p/260726,https://s1.minipreco.pt/medias/hd8/h19/8899798237214.jpg,,2024-06-25T09:11:26.512839594Z,
cogumelos marron,pt,minipreco,pt.minipreco.117410,117410,MARTINI Espumante Asti 750 ml,"10,19 €",,"(13,59 €/l.)",,,,https://www.minipreco.pt/produtos/bebidas-e-garrafeira/bebidas-espirituosas-e-espumantes/espumantes/p/117410,https://s3.minipreco.pt/medias/hf3/heb/9044065648670.jpg,,2024-06-25T09:11:26.512839594Z,
cogumelos marron,pt,minipreco,pt.minipreco.11566,11566,MARTINI Vermouth Bianco 750 ml,"10,69 €"," 9,08 € "," (12,11 €/l.) ",,,,https://www.minipreco.pt/produtos/bebidas-e-garrafeira/bebidas-espirituosas-e-espumantes/outras-bebidas-espirituosas/p/11566,https://s0.minipreco.pt/medias/hab/hfb/8952031936542.jpg,,2024-06-25T09:11:26.512839594Z,
cogumelos marron,pt,minipreco,pt.minipreco.228059,228059,PARMALAT Natas Carbonara 200 ml,"1,29 €",,"(6,45 €/l.)",,,,https://www.minipreco.pt/produtos/laticinios-e-ovos/natas-e-cremes-culinaria/natas-e-cremes-para-culinaria/p/228059,https://s0.minipreco.pt/medias/h5e/h00/8898538962974.jpg,,2024-06-25T09:11:26.512839594Z,
cogumelos marron,pt,minipreco,pt.minipreco.302006,302006,VALE VERDE Arroz Thai,"1,89 €",,"(1,89 €/Kg.)",,,,https://www.minipreco.pt/produtos/mercearia/acompanhamentos/arroz/p/302006,https://s3.minipreco.pt/medias/h29/hde/9125176180766.jpg,,2024-06-25T09:11:26.512839594Z,
cogumelos marron,pt,minipreco,pt.minipreco.293410,293410,MARNOTO Flor de Sal 250 g,"1,79 €",,"(7,16 €/Kg.)",,,,https://www.minipreco.pt/produtos/mercearia/sal-temperos-e-molhos/sal/p/293410,https://s2.minipreco.pt/medias/hd8/ha9/9061085118494.jpg,,2024-06-25T09:11:26.512839594Z,
cogumelos marron,pt,minipreco,pt.minipreco.293411,293411,MARNOTO Sal Marinho Tradicional 1 kg,"0,89 €",,"(0,89 €/Kg.)",,,,https://www.minipreco.pt/produtos/mercearia/sal-temperos-e-molhos/sal/p/293411,https://s2.minipreco.pt/medias/h2a/hff/9061087084574.jpg,,2024-06-25T09:11:26.512839594Z,
cogumelos marron,pt,minipreco,pt.minipreco.74574,74574,SALUDÃES Arroz Carolino 1 kg,"1,89 €",,"(1,89 €/Kg.)",,,,https://www.minipreco.pt/produtos/mercearia/acompanhamentos/arroz/p/74574,https://s2.minipreco.pt/medias/h22/h53/8919303323678.jpg,,2024-06-25T09:11:26.512839594Z,
cogumelos marron,pt,auchan,pt.auchan.987533,987533,cogumelos marron 250g,"1,69 €",,6.76 €/Kg,,,,https://www.auchan.pt/pt/produtos-frescos/legumes/cogumelos/cogumelos-marron-250g/987533.html,https://www.auchan.pt/dw/image/v2/BFRC_PRD/on/demandware.static/-/Sites-auchan-pt-master-catalog/default/dw89635af8/images/hi-res/000987533.jpg?sw=250&sh=250&sm=fit&bgcolor=FFFFFF,,2024-06-25T09:11:27.139836193Z,
cogumelos marron,pt,auchan,pt.auchan.585156,585156,cogumelos marron kg,"6,49 € /Kg",,Quant. Mínima = 100g 6.49 €/Kg,,,,https://www.auchan.pt/pt/produtos-frescos/legumes/cogumelos/cogumelos-marron-kg/585156.html,https://www.auchan.pt/dw/image/v2/BFRC_PRD/on/demandware.static/-/Sites-auchan-pt-master-catalog/default/dwf9569553/images/hi-res/000585156.jpg?sw=250&sh=250&sm=fit&bgcolor=FFFFFF,,2024-06-25T09:11:27.139836193Z,
cogumelos marron,pt,auchan,pt.auchan.3442172,3442172,cogumelo marron laminado 250 g,"1,99 €",,7.96 €/Kg,,,,https://www.auchan.pt/pt/produtos-frescos/legumes/cogumelos/cogumelo-marron-laminado-250-g/3442172.html,https://www.auchan.pt/dw/image/v2/BFRC_PRD/on/demandware.static/-/Sites-auchan-pt-master-catalog/default/dw79e1f42d/images/hi-res/003442172.jpg?sw=250&sh=250&sm=fit&bgcolor=FFFFFF,,2024-06-25T09:11:27.139836193Z,
cogumelos marron,pt,auchan,pt.auchan.2460929,2460929,cogumelos marron auchan cultivamos o bom 250 g,"1,85 €",,7.4 €/Kg,,,,https://www.auchan.pt/pt/produtos-frescos/legumes/cogumelos/cogumelos-marron-auchan-cultivamos-o-bom-250-g/2460929.html,https://www.auchan.pt/dw/image/v2/BFRC_PRD/on/demandware.static/-/Sites-auchan-pt-master-catalog/default/dwba510e50/images/hi-res/002460929.jpg?sw=250&sh=250&sm=fit&bgcolor=FFFFFF,,2024-06-25T09:11:27.139836193Z,
cogumelos marron,pt,auchan,pt.auchan.3705231,3705231,mistura de cogumelo marron laminado e espargo 200 g,"2,99 €",,14.95 €/Kg,,,,https://www.auchan.pt/pt/produtos-frescos/legumes/cogumelos/mistura-de-cogumelo-marron-laminado-e-espargo-200-g/3705231.html,https://www.auchan.pt/dw/image/v2/BFRC_PRD/on/demandware.static/-/Sites-auchan-pt-master-catalog/default/dwbc8532fc/images/hi-res/003705231.jpg?sw=250&sh=250&sm=fit&bgcolor=FFFFFF,,2024-06-25T09:11:27.139836193Z,
